address,varies,10gbaser_refclk0_156M25_qpll0_lane0,custom_8b10b_1g_refclk0_100m_qpll0_lane0,custom_8b10b_1g_refclk0_100m_qpll0_lane0_swaprx,custom_8b10b_1g_refclk0_100m_qpll0_lane0_swaptrx,custom_8b10b_1g_refclk0_100m_qpll0_lane0_swaptx,jesd204b_refclk0_100M_qpll0_lane0123,usb3_mclk_100M_qpll0_lane0,usb3_refclk0_100M_qpll0_lane0,usb3_refclk0_100M_qpll0_lane0__1000basex_refclk0_100M_qpll1_lane1,usb3_refclk0_100M_qpll0_lane0__1000basex_refclk1_125M_qpll1_lane1,usb3_refclk0_100M_qpll0_lane0__usb3_refclk1_100M_cpll_lane1,usb3_refclk0_100M_qpll0_lane0__usb3_refclk1_100M_qpll1_lane1,usb3_refclk0_100M_qpll0_lane1,usb3_refclk0_100M_qpll0_lane3,usb3_refclk0_50M_qpll0_lane0,usb3_refclk1_100M_qpll0_lane0,usb3_refclk1_100M_qpll0_lane1,usb3_refclk1_100M_qpll0_lane2,usb3_refclk1_100M_qpll0_lane3,usb3_refclk1_100M_qpll1_lane3,usb3_refin_100M_qpll0_lane0
0x00800200,no,0x00000000,0x00000000,0x00000000,0x00000000,0x00000000,0x00000000,0x00000000,0x00000000,0x00000000,0x00000000,0x00000000,0x00000000,0x00000000,0x00000000,0x00000000,0x00000000,0x00000000,0x00000000,0x00000000,0x00000000,0x00000000
0x00800201,no,0x00000000,0x00000000,0x00000000,0x00000000,0x00000000,0x00000000,0x00000000,0x00000000,0x00000000,0x00000000,0x00000000,0x00000000,,,0x00000000,0x00000000,,,,,0x00000000
0x00800202,no,0x00110000,0x00110000,0x00110000,0x00110000,0x00110000,0x00110000,0x00110000,0x00110000,0x00110000,0x00110000,0x00110000,0x00110000,0x00110000,0x00110000,0x00110000,0x00110000,0x00110000,0x00110000,0x00110000,0x00110000,0x00110000
0x00800224,no,0x00000041,0x00000041,0x00000041,0x00000041,0x00000041,0x00000041,0x00000041,0x00000041,0x00000041,0x00000041,0x00000041,0x00000041,,,0x00000041,0x00000041,,,,,0x00000041
0x00800225,no,0x00004100,0x00004100,0x00004100,0x00004100,0x00004100,0x00004100,0x00004100,0x00004100,0x00004100,0x00004100,0x00004100,0x00004100,,,0x00004100,0x00004100,,,,,0x00004100
0x00800226,no,0x00410000,0x00410000,0x00410000,0x00410000,0x00410000,0x00410000,0x00410000,0x00410000,0x00410000,0x00410000,0x00410000,0x00410000,,,0x00410000,0x00410000,,,,,0x00410000
0x00800227,no,0x41000000,0x41000000,0x41000000,0x41000000,0x41000000,0x41000000,0x41000000,0x41000000,0x41000000,0x41000000,0x41000000,0x41000000,,,0x41000000,0x41000000,,,,,0x41000000
0x00800232,no,0x00fa0000,0x00fa0000,0x00fa0000,0x00fa0000,0x00fa0000,0x00fa0000,0x00fa0000,0x00fa0000,0x00fa0000,0x00fa0000,0x00fa0000,0x00fa0000,,,0x00fa0000,0x00fa0000,,,,,0x00fa0000
0x00800233,no,0xfa000000,0xfa000000,0xfa000000,0xfa000000,0xfa000000,0xfa000000,0xfa000000,0xfa000000,0xfa000000,0xfa000000,0xfa000000,0xfa000000,,,0xfa000000,0xfa000000,,,,,0xfa000000
0x00800256,no,0x00000000,0x00000000,0x00000000,0x00000000,0x00000000,0x00000000,0x00000000,0x00000000,0x00000000,0x00000000,0x00000000,0x00000000,,,0x00000000,0x00000000,,,,,0x00000000
0x00800258,yes,0x00000088,0x00000080,0x00000080,0x00000080,0x00000080,0x00000080,0x00000088,0x00000088,0x00000088,0x00000088,0x00000088,0x00000088,,,0x00000088,0x00000088,,,,,0x00000088
0x0080025b,yes,0xfc000000,0x0c000000,0x8f000000,0x0c000000,0x0c000000,0x8f000000,0x79000000,0x79000000,0x79000000,0x79000000,0x79000000,0x79000000,,,0x79000000,0x79000000,,,,,0x79000000
0x0080025c,yes,0x00000071,0x00000072,0x00000071,0x00000072,0x00000072,0x00000071,0x00000072,0x00000072,0x00000072,0x00000072,0x00000072,0x00000072,,,0x00000072,0x00000072,,,,,0x00000072
0x0080032d,no,0x00000000,0x00000000,0x00000000,0x00000000,0x00000000,0x00000000,0x00000000,0x00000000,0x00000000,0x00000000,0x00000000,0x00000000,,,0x00000000,0x00000000,,,,,0x00000000
0x00800331,no,0x00000000,0x00000000,0x00000000,0x00000000,0x00000000,0x00000000,0x00000000,0x00000000,0x00000000,0x00000000,0x00000000,0x00000000,0x00000000,0x00000000,0x00000000,0x00000000,0x00000000,0x00000000,0x00000000,0x00000000,0x00000000
0x00800333,no,0x48000000,0x48000000,0x48000000,0x48000000,0x48000000,0x48000000,0x48000000,0x48000000,0x48000000,0x48000000,0x48000000,0x48000000,0x48000000,0x48000000,0x48000000,0x48000000,0x48000000,0x48000000,0x48000000,0x48000000,0x48000000
0x0080033e,no,0x00000000,0x00000000,0x00000000,0x00000000,0x00000000,0x00000000,0x00000000,0x00000000,0x00000000,0x00000000,0x00000000,0x00000000,,,0x00000000,0x00000000,,,,,0x00000000
0x00800379,no,0x0000fa00,0x0000fa00,0x0000fa00,0x0000fa00,0x0000fa00,0x0000fa00,0x0000fa00,0x0000fa00,0x0000fa00,0x0000fa00,0x0000fa00,0x0000fa00,,,0x0000fa00,0x0000fa00,,,,,0x0000fa00
0x0080037a,no,0x00000000,0x00000000,0x00000000,0x00000000,0x00000000,0x00000000,0x00000000,0x00000000,0x00000000,0x00000000,0x00000000,0x00000000,,,0x00000000,0x00000000,,,,,0x00000000
0x0080037b,no,0xfa000000,0xfa000000,0xfa000000,0xfa000000,0xfa000000,0xfa000000,0xfa000000,0xfa000000,0xfa000000,0xfa000000,0xfa000000,0xfa000000,,,0xfa000000,0xfa000000,,,,,0xfa000000
0x0080037c,no,0x00000000,0x00000000,0x00000000,0x00000000,0x00000000,0x00000000,0x00000000,0x00000000,0x00000000,0x00000000,0x00000000,0x00000000,,,0x00000000,0x00000000,,,,,0x00000000
0x00800385,no,0x0000fa00,0x0000fa00,0x0000fa00,0x0000fa00,0x0000fa00,0x0000fa00,0x0000fa00,0x0000fa00,0x0000fa00,0x0000fa00,0x0000fa00,0x0000fa00,,,0x0000fa00,0x0000fa00,,,,,0x0000fa00
0x00800386,no,0x00fa0000,0x00fa0000,0x00fa0000,0x00fa0000,0x00fa0000,0x00fa0000,0x00fa0000,0x00fa0000,0x00fa0000,0x00fa0000,0x00fa0000,0x00fa0000,,,0x00fa0000,0x00fa0000,,,,,0x00fa0000
0x008003a6,yes,0x00010000,0x00010000,0x00010000,0x00010000,0x00010000,0x00010000,0x00010000,0x00010000,0x00010000,0x00010000,0x00010000,0x00010000,0x00010000,0x00010000,0x00010000,0x00010000,0x00010000,0x00010000,0x00010000,0x00020000,0x00010000
0x008003a7,no,0x00000000,0x00000000,0x00000000,0x00000000,0x00000000,0x00000000,0x00000000,0x00000000,0x00000000,0x00000000,0x00000000,0x00000000,,,0x00000000,0x00000000,,,,,0x00000000
0x008003a9,yes,0x00008000,0x00008000,0x00008000,0x00008000,0x00008000,0x00008000,0x0000a000,0x00008000,0x00008000,0x00008000,0x00008000,0x00008000,0x00008000,0x00008000,0x00008000,0x00008000,0x00008000,0x00008000,0x00008000,0x00008000,0x00008000
0x00800400,no,0x00000000,0x00000000,0x00000000,0x00000000,0x00000000,0x00000000,0x00000000,0x00000000,0x00000000,0x00000000,0x00000000,0x00000000,0x00000000,0x00000000,0x00000000,0x00000000,0x00000000,0x00000000,0x00000000,0x00000000,0x00000000
0x00800401,no,,,,,,0x00000000,,,0x00000000,0x00000000,0x00000000,0x00000000,0x00000000,,,,0x00000000,,,,
0x00800402,no,0x00110000,0x00110000,0x00110000,0x00110000,0x00110000,0x00110000,0x00110000,0x00110000,0x00110000,0x00110000,0x00110000,0x00110000,0x00110000,0x00110000,0x00110000,0x00110000,0x00110000,0x00110000,0x00110000,0x00110000,0x00110000
0x00800424,no,,,,,,0x00000041,,,0x00000041,0x00000041,0x00000041,0x00000041,0x00000041,,,,0x00000041,,,,
0x00800425,no,,,,,,0x00004100,,,0x00004100,0x00004100,0x00004100,0x00004100,0x00004100,,,,0x00004100,,,,
0x00800426,no,,,,,,0x00410000,,,0x00410000,0x00410000,0x00410000,0x00410000,0x00410000,,,,0x00410000,,,,
0x00800427,no,,,,,,0x41000000,,,0x41000000,0x41000000,0x41000000,0x41000000,0x41000000,,,,0x41000000,,,,
0x00800432,no,,,,,,0x00fa0000,,,0x00fa0000,0x00fa0000,0x00fa0000,0x00fa0000,0x00fa0000,,,,0x00fa0000,,,,
0x00800433,no,,,,,,0xfa000000,,,0xfa000000,0xfa000000,0xfa000000,0xfa000000,0xfa000000,,,,0xfa000000,,,,
0x00800456,no,,,,,,0x00000000,,,0x00000000,0x00000000,0x00000000,0x00000000,0x00000000,,,,0x00000000,,,,
0x00800458,yes,,,,,,0x00000080,,,0x00000080,0x00000080,0x00000088,0x00000088,0x00000088,,,,0x00000088,,,,
0x0080045b,yes,,,,,,0x8f000000,,,0x79000000,0x79000000,0x79000000,0x79000000,0x79000000,,,,0x79000000,,,,
0x0080045c,yes,,,,,,0x00000071,,,0x00000072,0x00000072,0x00000072,0x00000072,0x00000072,,,,0x00000072,,,,
0x0080052d,no,,,,,,0x00000000,,,0x00000000,0x00000000,0x00000000,0x00000000,0x00000000,,,,0x00000000,,,,
0x00800531,no,0x00000000,0x00000000,0x00000000,0x00000000,0x00000000,0x00000000,0x00000000,0x00000000,0x00000000,0x00000000,0x00000000,0x00000000,0x00000000,0x00000000,0x00000000,0x00000000,0x00000000,0x00000000,0x00000000,0x00000000,0x00000000
0x00800533,no,0x48000000,0x48000000,0x48000000,0x48000000,0x48000000,0x48000000,0x48000000,0x48000000,0x48000000,0x48000000,0x48000000,0x48000000,0x48000000,0x48000000,0x48000000,0x48000000,0x48000000,0x48000000,0x48000000,0x48000000,0x48000000
0x0080053e,no,,,,,,0x00000000,,,0x00000000,0x00000000,0x00000000,0x00000000,0x00000000,,,,0x00000000,,,,
0x00800579,no,,,,,,0x0000fa00,,,0x0000fa00,0x0000fa00,0x0000fa00,0x0000fa00,0x0000fa00,,,,0x0000fa00,,,,
0x0080057a,no,,,,,,0x00000000,,,0x00000000,0x00000000,0x00000000,0x00000000,0x00000000,,,,0x00000000,,,,
0x0080057b,no,,,,,,0xfa000000,,,0xfa000000,0xfa000000,0xfa000000,0xfa000000,0xfa000000,,,,0xfa000000,,,,
0x0080057c,no,,,,,,0x00000000,,,0x00000000,0x00000000,0x00000000,0x00000000,0x00000000,,,,0x00000000,,,,
0x00800585,no,,,,,,0x0000fa00,,,0x0000fa00,0x0000fa00,0x0000fa00,0x0000fa00,0x0000fa00,,,,0x0000fa00,,,,
0x00800586,no,,,,,,0x00fa0000,,,0x00fa0000,0x00fa0000,0x00fa0000,0x00fa0000,0x00fa0000,,,,0x00fa0000,,,,
0x008005a5,no,,,,,,,,,,,0x00000000,,,,,,,,,,
0x008005a6,no,,,,,,0x00010000,,,0x00010000,0x00010000,0x00010000,0x00010000,0x00010000,,,,0x00010000,,,,
0x008005a7,no,,,,,,0x00000000,,,0x00000000,0x00000000,0x00000000,0x00000000,0x00000000,,,,0x00000000,,,,
0x008005a9,no,,,,,,0x00008000,,,0x00008000,0x00008000,0x00008000,0x00008000,0x00008000,,,,0x00008000,,,,
0x00800600,no,0x00000000,0x00000000,0x00000000,0x00000000,0x00000000,0x00000000,0x00000000,0x00000000,0x00000000,0x00000000,0x00000000,0x00000000,0x00000000,0x00000000,0x00000000,0x00000000,0x00000000,0x00000000,0x00000000,0x00000000,0x00000000
0x00800601,no,,,,,,0x00000000,,,,,,,,,,,,0x00000000,,,
0x00800602,no,0x00110000,0x00110000,0x00110000,0x00110000,0x00110000,0x00110000,0x00110000,0x00110000,0x00110000,0x00110000,0x00110000,0x00110000,0x00110000,0x00110000,0x00110000,0x00110000,0x00110000,0x00110000,0x00110000,0x00110000,0x00110000
0x00800624,no,,,,,,0x00000041,,,,,,,,,,,,0x00000041,,,
0x00800625,no,,,,,,0x00004100,,,,,,,,,,,,0x00004100,,,
0x00800626,no,,,,,,0x00410000,,,,,,,,,,,,0x00410000,,,
0x00800627,no,,,,,,0x41000000,,,,,,,,,,,,0x41000000,,,
0x00800632,no,,,,,,0x00fa0000,,,,,,,,,,,,0x00fa0000,,,
0x00800633,no,,,,,,0xfa000000,,,,,,,,,,,,0xfa000000,,,
0x00800656,no,,,,,,0x00000000,,,,,,,,,,,,0x00000000,,,
0x00800658,yes,,,,,,0x00000080,,,,,,,,,,,,0x00000088,,,
0x0080065b,yes,,,,,,0x8f000000,,,,,,,,,,,,0x79000000,,,
0x0080065c,yes,,,,,,0x00000071,,,,,,,,,,,,0x00000072,,,
0x0080072d,no,,,,,,0x00000000,,,,,,,,,,,,0x00000000,,,
0x00800731,no,0x00000000,0x00000000,0x00000000,0x00000000,0x00000000,0x00000000,0x00000000,0x00000000,0x00000000,0x00000000,0x00000000,0x00000000,0x00000000,0x00000000,0x00000000,0x00000000,0x00000000,0x00000000,0x00000000,0x00000000,0x00000000
0x00800733,no,0x48000000,0x48000000,0x48000000,0x48000000,0x48000000,0x48000000,0x48000000,0x48000000,0x48000000,0x48000000,0x48000000,0x48000000,0x48000000,0x48000000,0x48000000,0x48000000,0x48000000,0x48000000,0x48000000,0x48000000,0x48000000
0x0080073e,no,,,,,,0x00000000,,,,,,,,,,,,0x00000000,,,
0x00800779,no,,,,,,0x0000fa00,,,,,,,,,,,,0x0000fa00,,,
0x0080077a,no,,,,,,0x00000000,,,,,,,,,,,,0x00000000,,,
0x0080077b,no,,,,,,0xfa000000,,,,,,,,,,,,0xfa000000,,,
0x0080077c,no,,,,,,0x00000000,,,,,,,,,,,,0x00000000,,,
0x00800785,no,,,,,,0x0000fa00,,,,,,,,,,,,0x0000fa00,,,
0x00800786,no,,,,,,0x00fa0000,,,,,,,,,,,,0x00fa0000,,,
0x008007a6,no,,,,,,0x00010000,,,,,,,,,,,,0x00010000,,,
0x008007a7,no,,,,,,0x00000000,,,,,,,,,,,,0x00000000,,,
0x008007a9,no,,,,,,0x00008000,,,,,,,,,,,,0x00008000,,,
0x00800800,no,0x00000000,0x00000000,0x00000000,0x00000000,0x00000000,0x00000000,0x00000000,0x00000000,0x00000000,0x00000000,0x00000000,0x00000000,0x00000000,0x00000000,0x00000000,0x00000000,0x00000000,0x00000000,0x00000000,0x00000000,0x00000000
0x00800801,no,,,,,,0x00000000,,,,,,,,0x00000000,,,,,0x00000000,0x00000000,
0x00800802,no,0x00110000,0x00110000,0x00110000,0x00110000,0x00110000,0x00110000,0x00110000,0x00110000,0x00110000,0x00110000,0x00110000,0x00110000,0x00110000,0x00110000,0x00110000,0x00110000,0x00110000,0x00110000,0x00110000,0x00110000,0x00110000
0x00800824,no,,,,,,0x00000041,,,,,,,,0x00000041,,,,,0x00000041,0x00000041,
0x00800825,no,,,,,,0x00004100,,,,,,,,0x00004100,,,,,0x00004100,0x00004100,
0x00800826,no,,,,,,0x00410000,,,,,,,,0x00410000,,,,,0x00410000,0x00410000,
0x00800827,no,,,,,,0x41000000,,,,,,,,0x41000000,,,,,0x41000000,0x41000000,
0x00800832,no,,,,,,0x00fa0000,,,,,,,,0x00fa0000,,,,,0x00fa0000,0x00fa0000,
0x00800833,no,,,,,,0xfa000000,,,,,,,,0xfa000000,,,,,0xfa000000,0xfa000000,
0x00800856,no,,,,,,0x00000000,,,,,,,,0x00000000,,,,,0x00000000,0x00000000,
0x00800858,yes,,,,,,0x00000080,,,,,,,,0x00000088,,,,,0x00000088,0x00000088,
0x0080085b,yes,,,,,,0x8f000000,,,,,,,,0x79000000,,,,,0x79000000,0x79000000,
0x0080085c,yes,,,,,,0x00000071,,,,,,,,0x00000072,,,,,0x00000072,0x00000072,
0x0080092d,no,,,,,,0x00000000,,,,,,,,0x00000000,,,,,0x00000000,0x00000000,
0x00800931,no,0x00000000,0x00000000,0x00000000,0x00000000,0x00000000,0x00000000,0x00000000,0x00000000,0x00000000,0x00000000,0x00000000,0x00000000,0x00000000,0x00000000,0x00000000,0x00000000,0x00000000,0x00000000,0x00000000,0x00000000,0x00000000
0x00800933,no,0x48000000,0x48000000,0x48000000,0x48000000,0x48000000,0x48000000,0x48000000,0x48000000,0x48000000,0x48000000,0x48000000,0x48000000,0x48000000,0x48000000,0x48000000,0x48000000,0x48000000,0x48000000,0x48000000,0x48000000,0x48000000
0x0080093e,no,,,,,,0x00000000,,,,,,,,0x00000000,,,,,0x00000000,0x00000000,
0x00800979,no,,,,,,0x0000fa00,,,,,,,,0x0000fa00,,,,,0x0000fa00,0x0000fa00,
0x0080097a,no,,,,,,0x00000000,,,,,,,,0x00000000,,,,,0x00000000,0x00000000,
0x0080097b,no,,,,,,0xfa000000,,,,,,,,0xfa000000,,,,,0xfa000000,0xfa000000,
0x0080097c,no,,,,,,0x00000000,,,,,,,,0x00000000,,,,,0x00000000,0x00000000,
0x00800985,no,,,,,,0x0000fa00,,,,,,,,0x0000fa00,,,,,0x0000fa00,0x0000fa00,
0x00800986,no,,,,,,0x00fa0000,,,,,,,,0x00fa0000,,,,,0x00fa0000,0x00fa0000,
0x008009a6,yes,,,,,,0x00010000,,,,,,,,0x00010000,,,,,0x00010000,0x00020000,
0x008009a7,no,,,,,,0x00000000,,,,,,,,0x00000000,,,,,0x00000000,0x00000000,
0x008009a9,no,,,,,,0x00008000,,,,,,,,0x00008000,,,,,0x00008000,0x00008000,
0x00800a1a,no,0x00010000,0x00010000,0x00010000,0x00010000,0x00010000,0x00010000,0x00010000,0x00010000,0x00010000,0x00010000,0x00010000,0x00010000,0x00010000,0x00010000,0x00010000,0x00010000,0x00010000,0x00010000,0x00010000,0x00010000,0x00010000
0x00800ad3,no,0x3f000000,0x3f000000,0x3f000000,0x3f000000,0x3f000000,0x3f000000,0x3f000000,0x3f000000,0x3f000000,0x3f000000,0x3f000000,0x3f000000,0x3f000000,0x3f000000,0x3f000000,0x3f000000,0x3f000000,0x3f000000,0x3f000000,0x3f000000,0x3f000000
0x00800ad4,no,0x00000007,0x00000007,0x00000007,0x00000007,0x00000007,0x00000007,0x00000007,0x00000007,0x00000007,0x00000007,0x00000007,0x00000007,0x00000007,0x00000007,0x00000007,0x00000007,0x00000007,0x00000007,0x00000007,0x00000007,0x00000007
0x00800ad5,no,0x00000700,0x00000700,0x00000700,0x00000700,0x00000700,0x00000700,0x00000700,0x00000700,0x00000700,0x00000700,0x00000700,0x00000700,0x00000700,0x00000700,0x00000700,0x00000700,0x00000700,0x00000700,0x00000700,0x00000700,0x00000700
0x00800b91,yes,0x0000f100,0x0000f100,0x0000f100,0x0000f100,0x0000f100,0x0000ff00,0x0000f100,0x0000f100,0x0000f300,0x0000f300,0x0000f300,0x0000f300,0x0000f300,0x0000f900,0x0000f100,0x0000f100,0x0000f300,0x0000f500,0x0000f900,0x0000f900,0x0000f100
0x00800bfa,no,0x00020000,0x00020000,0x00020000,0x00020000,0x00020000,0x00020000,0x00020000,0x00020000,0x00020000,0x00020000,0x00020000,0x00020000,0x00020000,0x00020000,0x00020000,0x00020000,0x00020000,0x00020000,0x00020000,0x00020000,0x00020000
0x00800e4f,no,0x01000000,0x01000000,0x01000000,0x01000000,0x01000000,0x01000000,0x01000000,0x01000000,0x01000000,0x01000000,0x01000000,0x01000000,0x01000000,0x01000000,0x01000000,0x01000000,0x01000000,0x01000000,0x01000000,0x01000000,0x01000000
0x00801800,no,0x00000000,0x00000000,0x00000000,0x00000000,0x00000000,0x00000000,0x00000000,0x00000000,0x00000000,0x00000000,0x00000000,0x00000000,0x00000000,0x00000000,0x00000000,0x00000000,0x00000000,0x00000000,0x00000000,,0x00000000
0x00801801,no,0x00005800,0x00005800,0x00005800,0x00005800,0x00005800,0x00005800,0x00005800,0x00005800,0x00005800,0x00005800,0x00005800,0x00005800,0x00005800,0x00005800,0x00005800,0x00005800,0x00005800,0x00005800,0x00005800,,0x00005800
0x00801802,no,0x00010000,0x00010000,0x00010000,0x00010000,0x00010000,0x00010000,0x00010000,0x00010000,0x00010000,0x00010000,0x00010000,0x00010000,0x00010000,0x00010000,0x00010000,0x00010000,0x00010000,0x00010000,0x00010000,,0x00010000
0x00801803,no,0x60000000,0x60000000,0x60000000,0x60000000,0x60000000,0x60000000,0x60000000,0x60000000,0x60000000,0x60000000,0x60000000,0x60000000,0x60000000,0x60000000,0x60000000,0x60000000,0x60000000,0x60000000,0x60000000,,0x60000000
0x00801804,no,0x00000000,0x00000000,0x00000000,0x00000000,0x00000000,0x00000000,0x00000000,0x00000000,0x00000000,0x00000000,0x00000000,0x00000000,0x00000000,0x00000000,0x00000000,0x00000000,0x00000000,0x00000000,0x00000000,,0x00000000
0x00801805,no,0x0000a000,0x0000a000,0x0000a000,0x0000a000,0x0000a000,0x0000a000,0x0000a000,0x0000a000,0x0000a000,0x0000a000,0x0000a000,0x0000a000,0x0000a000,0x0000a000,0x0000a000,0x0000a000,0x0000a000,0x0000a000,0x0000a000,,0x0000a000
0x00801880,no,,,,,,,,,0x00000000,0x00000000,,0x00000000,,,,,,,,0x00000000,
0x00801881,no,,,,,,,,,0x00005800,0x00005800,,0x00005800,,,,,,,,0x00005800,
0x00801882,no,,,,,,,,,0x00010000,0x00010000,,0x00010000,,,,,,,,0x00010000,
0x00801883,no,,,,,,,,,0x60000000,0x60000000,,0x60000000,,,,,,,,0x60000000,
0x00801884,no,,,,,,,,,0x00000000,0x00000000,,0x00000000,,,,,,,,0x00000000,
0x00801885,no,,,,,,,,,0x0000a000,0x0000a000,,0x0000a000,,,,,,,,0x0000a000,
0x00801940,no,0x00000000,0x00000000,0x00000000,0x00000000,0x00000000,0x00000000,0x00000000,0x00000000,0x00000000,0x00000000,0x00000000,0x00000000,,,0x00000000,0x00000000,,,,,0x00000000
0x00801941,no,0x00004000,0x00004000,0x00004000,0x00004000,0x00004000,0x00004000,0x00004000,0x00004000,0x00004000,0x00004000,0x00004000,0x00004000,,,0x00004000,0x00004000,,,,,0x00004000
0x00801942,no,0x00010000,0x00010000,0x00010000,0x00010000,0x00010000,0x00010000,0x00010000,0x00010000,0x00010000,0x00010000,0x00010000,0x00010000,,,0x00010000,0x00010000,,,,,0x00010000
0x00801943,no,0x58000000,0x58000000,0x58000000,0x58000000,0x58000000,0x58000000,0x58000000,0x58000000,0x58000000,0x58000000,0x58000000,0x58000000,,,0x58000000,0x58000000,,,,,0x58000000
0x00801944,no,0x00000001,0x00000001,0x00000001,0x00000001,0x00000001,0x00000001,0x00000001,0x00000001,0x00000001,0x00000001,0x00000001,0x00000001,,,0x00000001,0x00000001,,,,,0x00000001
0x00801945,no,0x00006000,0x00006000,0x00006000,0x00006000,0x00006000,0x00006000,0x00006000,0x00006000,0x00006000,0x00006000,0x00006000,0x00006000,,,0x00006000,0x00006000,,,,,0x00006000
0x00801946,no,0x00030000,0x00030000,0x00030000,0x00030000,0x00030000,0x00030000,0x00030000,0x00030000,0x00030000,0x00030000,0x00030000,0x00030000,,,0x00030000,0x00030000,,,,,0x00030000
0x00801947,no,0x41000000,0x41000000,0x41000000,0x41000000,0x41000000,0x41000000,0x41000000,0x41000000,0x41000000,0x41000000,0x41000000,0x41000000,,,0x41000000,0x41000000,,,,,0x41000000
0x00801948,no,0x00000000,0x00000000,0x00000000,0x00000000,0x00000000,0x00000000,0x00000000,0x00000000,0x00000000,0x00000000,0x00000000,0x00000000,,,0x00000000,0x00000000,,,,,0x00000000
0x00801949,no,0x0000a000,0x0000a000,0x0000a000,0x0000a000,0x0000a000,0x0000a000,0x0000a000,0x0000a000,0x0000a000,0x0000a000,0x0000a000,0x0000a000,,,0x0000a000,0x0000a000,,,,,0x0000a000
0x00801970,no,,,,,,0x00000000,,,0x00000000,0x00000000,0x00000000,0x00000000,0x00000000,,,,0x00000000,,,,
0x00801971,no,,,,,,0x00004000,,,0x00004000,0x00004000,0x00004000,0x00004000,0x00004000,,,,0x00004000,,,,
0x00801972,no,,,,,,0x00010000,,,0x00010000,0x00010000,0x00010000,0x00010000,0x00010000,,,,0x00010000,,,,
0x00801973,no,,,,,,0x58000000,,,0x58000000,0x58000000,0x58000000,0x58000000,0x58000000,,,,0x58000000,,,,
0x00801974,no,,,,,,0x00000001,,,0x00000001,0x00000001,0x00000001,0x00000001,0x00000001,,,,0x00000001,,,,
0x00801975,no,,,,,,0x00006000,,,0x00006000,0x00006000,0x00006000,0x00006000,0x00006000,,,,0x00006000,,,,
0x00801976,no,,,,,,0x00030000,,,0x00030000,0x00030000,0x00030000,0x00030000,0x00030000,,,,0x00030000,,,,
0x00801977,no,,,,,,0x41000000,,,0x41000000,0x41000000,0x41000000,0x41000000,0x41000000,,,,0x41000000,,,,
0x00801978,no,,,,,,0x00000000,,,0x00000000,0x00000000,0x00000000,0x00000000,0x00000000,,,,0x00000000,,,,
0x00801979,no,,,,,,0x0000a000,,,0x0000a000,0x0000a000,0x0000a000,0x0000a000,0x0000a000,,,,0x0000a000,,,,
0x008019a0,no,,,,,,0x00000000,,,,,,,,,,,,0x00000000,,,
0x008019a1,no,,,,,,0x00004000,,,,,,,,,,,,0x00004000,,,
0x008019a2,no,,,,,,0x00010000,,,,,,,,,,,,0x00010000,,,
0x008019a3,no,,,,,,0x58000000,,,,,,,,,,,,0x58000000,,,
0x008019a4,no,,,,,,0x00000001,,,,,,,,,,,,0x00000001,,,
0x008019a5,no,,,,,,0x00006000,,,,,,,,,,,,0x00006000,,,
0x008019a6,no,,,,,,0x00030000,,,,,,,,,,,,0x00030000,,,
0x008019a7,no,,,,,,0x41000000,,,,,,,,,,,,0x41000000,,,
0x008019a8,no,,,,,,0x00000000,,,,,,,,,,,,0x00000000,,,
0x008019a9,no,,,,,,0x0000a000,,,,,,,,,,,,0x0000a000,,,
0x008019d0,no,,,,,,0x00000000,,,,,,,,0x00000000,,,,,0x00000000,0x00000000,
0x008019d1,no,,,,,,0x00004000,,,,,,,,0x00004000,,,,,0x00004000,0x00004000,
0x008019d2,no,,,,,,0x00010000,,,,,,,,0x00010000,,,,,0x00010000,0x00010000,
0x008019d3,no,,,,,,0x58000000,,,,,,,,0x58000000,,,,,0x58000000,0x58000000,
0x008019d4,no,,,,,,0x00000001,,,,,,,,0x00000001,,,,,0x00000001,0x00000001,
0x008019d5,no,,,,,,0x00006000,,,,,,,,0x00006000,,,,,0x00006000,0x00006000,
0x008019d6,no,,,,,,0x00030000,,,,,,,,0x00030000,,,,,0x00030000,0x00030000,
0x008019d7,no,,,,,,0x41000000,,,,,,,,0x41000000,,,,,0x41000000,0x41000000,
0x008019d8,no,,,,,,0x00000000,,,,,,,,0x00000000,,,,,0x00000000,0x00000000,
0x008019d9,no,,,,,,0x0000a000,,,,,,,,0x0000a000,,,,,0x0000a000,0x0000a000,
0x00808000,yes,0x00022322,0x00022322,0x00022322,0x00022322,0x00022322,0x00022322,0x00022322,0x00022322,0x000a2233,0x000a2233,0x00022322,0x000a2233,0x00022322,0x00022322,0x00022322,0x00022322,0x00022322,0x00022322,0x00022322,0x000a2233,0x00022322
0x00808004,no,,,,,,,,,0x00000001,0x00000001,,0x00000001,,,,,,,,0x00000001,
0x00808008,yes,,,,,,,,,0x00000000,0x00000002,,0x00000002,,,,,,,,0x00000000,
0x0080800c,yes,,,,,,,,,0x10320108,0x10280108,,0x10320108,,,,,,,,0x10320108,
0x00808010,no,,,,,,,,,0x017400f4,0x017400f4,,0x017400f4,,,,,,,,0x017400f4,
0x00808014,no,,,,,,,,,0x00000f0f,0x00000f0f,,0x00000f0f,,,,,,,,0x00000f0f,
0x00808018,no,,,,,,,,,0x01ee01ee,0x01ee01ee,,0x01ee01ee,,,,,,,,0x01ee01ee,
0x0080801c,no,,,,,,,,,0x000071c3,0x000071c3,,0x000071c3,,,,,,,,0x000071c3,
0x00808020,yes,,,,,,,,,0x00000015,0x00000015,,0x0000001a,,,,,,,,0x0000001a,
0x00808028,no,,,,,,,,,0x00000006,0x00000006,,0x00000006,,,,,,,,0x00000006,
0x0080802c,no,,,,,,,,,0x00000064,0x00000064,,0x00000064,,,,,,,,0x00000064,
0x00808030,no,,,,,,,,,0x00000014,0x00000014,,0x00000014,,,,,,,,0x00000014,
0x00808034,no,,,,,,,,,0x00000014,0x00000014,,0x00000014,,,,,,,,0x00000014,
0x00808038,no,,,,,,,,,0x00000064,0x00000064,,0x00000064,,,,,,,,0x00000064,
0x0080803c,no,,,,,,,,,0x00000064,0x00000064,,0x00000064,,,,,,,,0x00000064,
0x00808040,no,,,,,,,,,0x00000064,0x00000064,,0x00000064,,,,,,,,0x00000064,
0x00808044,no,,,,,,,,,0x0000e678,0x0000e678,,0x0000e678,,,,,,,,0x0000e678,
0x00808048,no,,,,,,,,,0x000fffff,0x000fffff,,0x000fffff,,,,,,,,0x000fffff,
0x0080804c,yes,,,,,,,,,0x00000292,0x00000336,,0x00000292,,,,,,,,0x00000292,
0x00808050,no,,,,,,,,,0x00000003,0x00000003,,0x00000003,,,,,,,,0x00000003,
0x00808054,no,,,,,,,,,0x00000005,0x00000005,,0x00000005,,,,,,,,0x00000005,
0x00808058,no,,,,,,,,,0x00000404,0x00000404,,0x00000404,,,,,,,,0x00000404,
0x0080805c,no,,,,,,,,,0x00640064,0x00640064,,0x00640064,,,,,,,,0x00640064,
0x00808064,no,,,,,,,,,0x00000003,0x00000003,,0x00000003,,,,,,,,0x00000003,
0x00808068,no,,,,,,,,,0x000001fe,0x000001fe,,0x000001fe,,,,,,,,0x000001fe,
0x0080806c,no,0x00000000,0x00000000,0x00000000,0x00000000,0x00000000,0x00000000,0x00000000,0x00000000,0x00000000,0x00000000,0x00000000,0x00000000,0x00000000,0x00000000,0x00000000,0x00000000,0x00000000,0x00000000,0x00000000,0x00000000,0x00000000
0x0080807c,yes,,,,,,,,,0x00031001,0x00031001,,0x00001001,,,,,,,,0x00001001,
0x00808100,no,0x00000001,0x00000001,0x00000001,0x00000001,0x00000001,0x00000001,0x00000001,0x00000001,0x00000001,0x00000001,0x00000001,0x00000001,0x00000001,0x00000001,0x00000001,0x00000001,0x00000001,0x00000001,0x00000001,,0x00000001
0x00808104,yes,0x000a2233,0x000a2233,0x000a2233,0x000a2233,0x000a2233,0x000a2233,0x000a2233,0x000a2233,0x000a2233,0x000a2233,0x000a2233,0x000a2233,0x000a2233,0x000a2233,0x000a2233,0x000a2233,0x000a2233,0x000a2233,0x000a2233,0x00022322,0x000a2233
0x00808108,yes,0x00000000,0x00000000,0x00000000,0x00000000,0x00000000,0x00000000,0x00000006,0x00000000,0x00000000,0x00000000,0x00000000,0x00000000,0x00000000,0x00000000,0x00000000,0x00000000,0x00000000,0x00000000,0x00000000,,0x00000004
0x0080810c,yes,0x10210108,0x10200108,0x10280108,0x10200108,0x10200108,0x10280108,0x10320108,0x10320108,0x10320108,0x10320108,0x10320108,0x10320108,0x10320108,0x10320108,0x10640108,0x10320108,0x10320108,0x10320108,0x10320108,,0x10320108
0x00808114,no,0x00000f01,0x00000f01,0x00000f01,0x00000f01,0x00000f01,0x00000f01,0x00000f01,0x00000f01,0x00000f01,0x00000f01,0x00000f01,0x00000f01,0x00000f01,0x00000f01,0x00000f01,0x00000f01,0x00000f01,0x00000f01,0x00000f01,,0x00000f01
0x00808118,no,0x01b50008,0x01b50008,0x01b50008,0x01b50008,0x01b50008,0x01b50008,0x01b50008,0x01b50008,0x01b50008,0x01b50008,0x01b50008,0x01b50008,0x01b50008,0x01b50008,0x01b50008,0x01b50008,0x01b50008,0x01b50008,0x01b50008,,0x01b50008
0x0080811c,no,0x000041c3,0x000041c3,0x000041c3,0x000041c3,0x000041c3,0x000041c3,0x000041c3,0x000041c3,0x000041c3,0x000041c3,0x000041c3,0x000041c3,0x000041c3,0x000041c3,0x000041c3,0x000041c3,0x000041c3,0x000041c3,0x000041c3,,0x000041c3
0x00808120,yes,0x00000014,0x00000015,0x00000015,0x00000015,0x00000015,0x0000001a,0x0000001a,0x0000001a,0x0000001a,0x0000001a,0x0000001a,0x0000001a,0x0000001a,0x0000001a,0x0000001a,0x0000001a,0x0000001a,0x0000001a,0x0000001a,,0x0000001a
0x00808124,no,0x06674080,0x06674080,0x06674080,0x06674080,0x06674080,0x06674080,0x06674080,0x06674080,0x06674080,0x06674080,0x06674080,0x06674080,0x06674080,0x06674080,0x06674080,0x06674080,0x06674080,0x06674080,0x06674080,,0x06674080
0x0080812c,no,0x0000e678,0x0000e678,0x0000e678,0x0000e678,0x0000e678,0x0000e678,0x0000e678,0x0000e678,0x0000e678,0x0000e678,0x0000e678,0x0000e678,0x0000e678,0x0000e678,0x0000e678,0x0000e678,0x0000e678,0x0000e678,0x0000e678,,0x0000e678
0x00808130,no,0x00000005,0x00000005,0x00000005,0x00000005,0x00000005,0x00000005,0x00000005,0x00000005,0x00000005,0x00000005,0x00000005,0x00000005,0x00000005,0x00000005,0x00000005,0x00000005,0x00000005,0x00000005,0x00000005,,0x00000005
0x00808134,no,0x00000404,0x00000404,0x00000404,0x00000404,0x00000404,0x00000404,0x00000404,0x00000404,0x00000404,0x00000404,0x00000404,0x00000404,0x00000404,0x00000404,0x00000404,0x00000404,0x00000404,0x00000404,0x00000404,,0x00000404
0x00808138,no,0x00640064,0x00640064,0x00640064,0x00640064,0x00640064,0x00640064,0x00640064,0x00640064,0x00640064,0x00640064,0x00640064,0x00640064,0x00640064,0x00640064,0x00640064,0x00640064,0x00640064,0x00640064,0x00640064,,0x00640064
0x0080813c,no,0x00000003,0x00000003,0x00000003,0x00000003,0x00000003,0x00000003,0x00000003,0x00000003,0x00000003,0x00000003,0x00000003,0x00000003,0x00000003,0x00000003,0x00000003,0x00000003,0x00000003,0x00000003,0x00000003,,0x00000003
0x00808144,yes,0x00001001,0x00031001,0x00031001,0x00031001,0x00031001,0x00001001,0x00001001,0x00001001,0x00001001,0x00001001,0x00001001,0x00001001,0x00001001,0x00001001,0x00001001,0x00001001,0x00001001,0x00001001,0x00001001,,0x00001001
0x00808150,no,0x00000064,0x00000064,0x00000064,0x00000064,0x00000064,0x00000064,0x00000064,0x00000064,0x00000064,0x00000064,0x00000064,0x00000064,0x00000064,0x00000064,0x00000064,0x00000064,0x00000064,0x00000064,0x00000064,,0x00000064
0x00808154,no,0x00000064,0x00000064,0x00000064,0x00000064,0x00000064,0x00000064,0x00000064,0x00000064,0x00000064,0x00000064,0x00000064,0x00000064,0x00000064,0x00000064,0x00000064,0x00000064,0x00000064,0x00000064,0x00000064,,0x00000064
0x00808158,no,0x00000064,0x00000064,0x00000064,0x00000064,0x00000064,0x00000064,0x00000064,0x00000064,0x00000064,0x00000064,0x00000064,0x00000064,0x00000064,0x00000064,0x00000064,0x00000064,0x00000064,0x00000064,0x00000064,,0x00000064
0x0080815c,no,0x00000000,0x00000000,0x00000000,0x00000000,0x00000000,0x00000000,0x00000000,0x00000000,0x00000000,0x00000000,0x00000000,0x00000000,0x00000000,0x00000000,0x00000000,0x00000000,0x00000000,0x00000000,0x00000000,0x00000000,0x00000000
0x008081a4,no,0x0000000c,0x0000000c,0x0000000c,0x0000000c,0x0000000c,0x0000000c,0x0000000c,0x0000000c,0x0000000c,0x0000000c,0x0000000c,0x0000000c,0x0000000c,0x0000000c,0x0000000c,0x0000000c,0x0000000c,0x0000000c,0x0000000c,0x0000000c,0x0000000c
0x008081b8,yes,0x0000000f,0x0000000f,0x0000000f,0x0000000f,0x0000000f,0x0000000f,0x0000000d,0x0000000f,0x0000000f,0x0000000f,0x0000000f,0x0000000f,0x0000000f,0x0000000f,0x0000000f,0x0000000f,0x0000000f,0x0000000f,0x0000000f,0x0000000f,0x0000000e
0x00808200,no,0x00000002,0x00000002,0x00000002,0x00000002,0x00000002,0x00000002,0x00000002,0x00000002,0x00000002,0x00000002,0x00000002,0x00000002,0x00000002,0x00000002,0x00000002,0x00000002,0x00000002,0x00000002,0x00000002,0x00000002,0x00000002
0x0080821c,no,0x007f00bf,0x007f00bf,0x007f00bf,0x007f00bf,0x007f00bf,0x007f00bf,0x007f00bf,0x007f00bf,0x007f00bf,0x007f00bf,0x007f00bf,0x007f00bf,0x007f00bf,0x007f00bf,0x007f00bf,0x007f00bf,0x007f00bf,0x007f00bf,0x007f00bf,0x007f00bf,0x007f00bf
0x00808220,no,0x01ff01ff,0x01ff01ff,0x01ff01ff,0x01ff01ff,0x01ff01ff,0x01ff01ff,0x01ff01ff,0x01ff01ff,0x01ff01ff,0x01ff01ff,0x01ff01ff,0x01ff01ff,0x01ff01ff,0x01ff01ff,0x01ff01ff,0x01ff01ff,0x01ff01ff,0x01ff01ff,0x01ff01ff,0x01ff01ff,0x01ff01ff
0x00808224,no,0x00030003,0x00030003,0x00030003,0x00030003,0x00030003,0x00030003,0x00030003,0x00030003,0x00030003,0x00030003,0x00030003,0x00030003,0x00030003,0x00030003,0x00030003,0x00030003,0x00030003,0x00030003,0x00030003,0x00030003,0x00030003
0x00808234,no,0x0000e000,0x0000e000,0x0000e000,0x0000e000,0x0000e000,0x0000e000,0x0000e000,0x0000e000,0x0000e000,0x0000e000,0x0000e000,0x0000e000,0x0000e000,0x0000e000,0x0000e000,0x0000e000,0x0000e000,0x0000e000,0x0000e000,0x0000e000,0x0000e000
0x00808238,no,0x00000b00,0x00000b00,0x00000b00,0x00000b00,0x00000b00,0x00000b00,0x00000b00,0x00000b00,0x00000b00,0x00000b00,0x00000b00,0x00000b00,0x00000b00,0x00000b00,0x00000b00,0x00000b00,0x00000b00,0x00000b00,0x00000b00,0x00000b00,0x00000b00
0x0080823c,no,0x191a1a1a,0x191a1a1a,0x191a1a1a,0x191a1a1a,0x191a1a1a,0x191a1a1a,0x191a1a1a,0x191a1a1a,0x191a1a1a,0x191a1a1a,0x191a1a1a,0x191a1a1a,,,0x191a1a1a,0x191a1a1a,,,,,0x191a1a1a
0x00808240,no,0x18181919,0x18181919,0x18181919,0x18181919,0x18181919,0x18181919,0x18181919,0x18181919,0x18181919,0x18181919,0x18181919,0x18181919,,,0x18181919,0x18181919,,,,,0x18181919
0x00808244,no,0x17171718,0x17171718,0x17171718,0x17171718,0x17171718,0x17171718,0x17171718,0x17171718,0x17171718,0x17171718,0x17171718,0x17171718,,,0x17171718,0x17171718,,,,,0x17171718
0x00808248,no,0x15161616,0x15161616,0x15161616,0x15161616,0x15161616,0x15161616,0x15161616,0x15161616,0x15161616,0x15161616,0x15161616,0x15161616,,,0x15161616,0x15161616,,,,,0x15161616
0x0080824c,no,0x14151515,0x14151515,0x14151515,0x14151515,0x14151515,0x14151515,0x14151515,0x14151515,0x14151515,0x14151515,0x14151515,0x14151515,,,0x14151515,0x14151515,,,,,0x14151515
0x00808250,no,0x13141414,0x13141414,0x13141414,0x13141414,0x13141414,0x13141414,0x13141414,0x13141414,0x13141414,0x13141414,0x13141414,0x13141414,,,0x13141414,0x13141414,,,,,0x13141414
0x00808254,no,0x12131313,0x12131313,0x12131313,0x12131313,0x12131313,0x12131313,0x12131313,0x12131313,0x12131313,0x12131313,0x12131313,0x12131313,,,0x12131313,0x12131313,,,,,0x12131313
0x00808258,no,0x12121212,0x12121212,0x12121212,0x12121212,0x12121212,0x12121212,0x12121212,0x12121212,0x12121212,0x12121212,0x12121212,0x12121212,,,0x12121212,0x12121212,,,,,0x12121212
0x0080825c,no,0x11111111,0x11111111,0x11111111,0x11111111,0x11111111,0x11111111,0x11111111,0x11111111,0x11111111,0x11111111,0x11111111,0x11111111,,,0x11111111,0x11111111,,,,,0x11111111
0x00808260,no,0x10101011,0x10101011,0x10101011,0x10101011,0x10101011,0x10101011,0x10101011,0x10101011,0x10101011,0x10101011,0x10101011,0x10101011,,,0x10101011,0x10101011,,,,,0x10101011
0x00808264,no,0x10101010,0x10101010,0x10101010,0x10101010,0x10101010,0x10101010,0x10101010,0x10101010,0x10101010,0x10101010,0x10101010,0x10101010,,,0x10101010,0x10101010,,,,,0x10101010
0x00808268,no,0x0f0f0f0f,0x0f0f0f0f,0x0f0f0f0f,0x0f0f0f0f,0x0f0f0f0f,0x0f0f0f0f,0x0f0f0f0f,0x0f0f0f0f,0x0f0f0f0f,0x0f0f0f0f,0x0f0f0f0f,0x0f0f0f0f,,,0x0f0f0f0f,0x0f0f0f0f,,,,,0x0f0f0f0f
0x0080826c,no,0x0e0f0f0f,0x0e0f0f0f,0x0e0f0f0f,0x0e0f0f0f,0x0e0f0f0f,0x0e0f0f0f,0x0e0f0f0f,0x0e0f0f0f,0x0e0f0f0f,0x0e0f0f0f,0x0e0f0f0f,0x0e0f0f0f,,,0x0e0f0f0f,0x0e0f0f0f,,,,,0x0e0f0f0f
0x00808270,no,0x0e0e0e0e,0x0e0e0e0e,0x0e0e0e0e,0x0e0e0e0e,0x0e0e0e0e,0x0e0e0e0e,0x0e0e0e0e,0x0e0e0e0e,0x0e0e0e0e,0x0e0e0e0e,0x0e0e0e0e,0x0e0e0e0e,,,0x0e0e0e0e,0x0e0e0e0e,,,,,0x0e0e0e0e
0x00808274,no,0x0d0e0e0e,0x0d0e0e0e,0x0d0e0e0e,0x0d0e0e0e,0x0d0e0e0e,0x0d0e0e0e,0x0d0e0e0e,0x0d0e0e0e,0x0d0e0e0e,0x0d0e0e0e,0x0d0e0e0e,0x0d0e0e0e,,,0x0d0e0e0e,0x0d0e0e0e,,,,,0x0d0e0e0e
0x00808278,no,0x0d0d0d0d,0x0d0d0d0d,0x0d0d0d0d,0x0d0d0d0d,0x0d0d0d0d,0x0d0d0d0d,0x0d0d0d0d,0x0d0d0d0d,0x0d0d0d0d,0x0d0d0d0d,0x0d0d0d0d,0x0d0d0d0d,,,0x0d0d0d0d,0x0d0d0d0d,,,,,0x0d0d0d0d
0x0080827c,no,0x00000000,0x00000000,0x00000000,0x00000000,0x00000000,0x00000000,0x00000000,0x00000000,0x00000000,0x00000000,0x00000000,0x00000000,0x00000000,0x00000000,0x00000000,0x00000000,0x00000000,0x00000000,0x00000000,0x00000000,0x00000000
0x00808280,no,0x00000014,0x00000014,0x00000014,0x00000014,0x00000014,0x00000014,0x00000014,0x00000014,0x00000014,0x00000014,0x00000014,0x00000014,,,0x00000014,0x00000014,,,,,0x00000014
0x00808284,yes,0x00000014,0x00000014,0x00000014,0x00000014,0x00000014,0x00000014,0x00000014,0x00000014,0x00000014,0x00000014,0x00000014,0x00000014,0x00000100,0x00000100,0x00000014,0x00000014,0x00000100,0x00000100,0x00000100,0x00000100,0x00000014
0x00808288,no,0x89abcdef,0x89abcdef,0x89abcdef,0x89abcdef,0x89abcdef,0x89abcdef,0x89abcdef,0x89abcdef,0x89abcdef,0x89abcdef,0x89abcdef,0x89abcdef,0x89abcdef,0x89abcdef,0x89abcdef,0x89abcdef,0x89abcdef,0x89abcdef,0x89abcdef,0x89abcdef,0x89abcdef
0x0080828c,no,0x01234567,0x01234567,0x01234567,0x01234567,0x01234567,0x01234567,0x01234567,0x01234567,0x01234567,0x01234567,0x01234567,0x01234567,0x01234567,0x01234567,0x01234567,0x01234567,0x01234567,0x01234567,0x01234567,0x01234567,0x01234567
0x00808298,no,0x00000001,0x00000001,0x00000001,0x00000001,0x00000001,0x00000001,0x00000001,0x00000001,0x00000001,0x00000001,0x00000001,0x00000001,,,0x00000001,0x00000001,,,,,0x00000001
0x008082a0,yes,0x00001170,0x00007110,0x00007110,0x00007110,0x00007110,0x00003150,0x00003150,0x00003150,0x00003150,0x00003150,0x00003150,0x00003150,,,0x00003150,0x00003150,,,,,0x00003150
0x008082b8,yes,0x00000030,0x00000020,0x00000020,0x00000020,0x00000020,0x00000020,0x00000030,0x00000030,0x00000030,0x00000030,0x00000030,0x00000030,,,0x00000040,0x00000030,,,,,0x00000030
0x008082bc,yes,0x00000011,0x00000211,0x00000211,0x00000211,0x00000211,0x00000011,0x00000011,0x00000011,0x00000011,0x00000011,0x00000011,0x00000011,,,0x00000011,0x00000011,,,,,0x00000011
0x008082c0,yes,0x00000310,0x00000010,0x00000010,0x00000010,0x00000010,0x00000210,0x00000210,0x00000210,0x00000210,0x00000210,0x00000210,0x00000210,0x00000010,0x00000010,0x00000210,0x00000210,0x00000010,0x00000010,0x00000010,0x00000010,0x00000210
0x008082dc,no,0x00000031,0x00000031,0x00000031,0x00000031,0x00000031,0x00000031,0x00000031,0x00000031,0x00000031,0x00000031,0x00000031,0x00000031,,,0x00000031,0x00000031,,,,,0x00000031
0x00808300,no,0x00000002,0x00000002,0x00000002,0x00000002,0x00000002,0x00000002,0x00000002,0x00000002,0x00000002,0x00000002,0x00000002,0x00000002,0x00000002,0x00000002,0x00000002,0x00000002,0x00000002,0x00000002,0x00000002,0x00000002,0x00000002
0x0080831c,no,0x007f00bf,0x007f00bf,0x007f00bf,0x007f00bf,0x007f00bf,0x007f00bf,0x007f00bf,0x007f00bf,0x007f00bf,0x007f00bf,0x007f00bf,0x007f00bf,0x007f00bf,0x007f00bf,0x007f00bf,0x007f00bf,0x007f00bf,0x007f00bf,0x007f00bf,0x007f00bf,0x007f00bf
0x00808320,no,0x01ff01ff,0x01ff01ff,0x01ff01ff,0x01ff01ff,0x01ff01ff,0x01ff01ff,0x01ff01ff,0x01ff01ff,0x01ff01ff,0x01ff01ff,0x01ff01ff,0x01ff01ff,0x01ff01ff,0x01ff01ff,0x01ff01ff,0x01ff01ff,0x01ff01ff,0x01ff01ff,0x01ff01ff,0x01ff01ff,0x01ff01ff
0x00808324,no,0x00030003,0x00030003,0x00030003,0x00030003,0x00030003,0x00030003,0x00030003,0x00030003,0x00030003,0x00030003,0x00030003,0x00030003,0x00030003,0x00030003,0x00030003,0x00030003,0x00030003,0x00030003,0x00030003,0x00030003,0x00030003
0x00808334,no,0x0000e000,0x0000e000,0x0000e000,0x0000e000,0x0000e000,0x0000e000,0x0000e000,0x0000e000,0x0000e000,0x0000e000,0x0000e000,0x0000e000,0x0000e000,0x0000e000,0x0000e000,0x0000e000,0x0000e000,0x0000e000,0x0000e000,0x0000e000,0x0000e000
0x00808338,no,0x00000b00,0x00000b00,0x00000b00,0x00000b00,0x00000b00,0x00000b00,0x00000b00,0x00000b00,0x00000b00,0x00000b00,0x00000b00,0x00000b00,0x00000b00,0x00000b00,0x00000b00,0x00000b00,0x00000b00,0x00000b00,0x00000b00,0x00000b00,0x00000b00
0x0080833c,no,,,,,,0x191a1a1a,,,0x191a1a1a,0x191a1a1a,0x191a1a1a,0x191a1a1a,0x191a1a1a,,,,0x191a1a1a,,,,
0x00808340,no,,,,,,0x18181919,,,0x18181919,0x18181919,0x18181919,0x18181919,0x18181919,,,,0x18181919,,,,
0x00808344,no,,,,,,0x17171718,,,0x17171718,0x17171718,0x17171718,0x17171718,0x17171718,,,,0x17171718,,,,
0x00808348,no,,,,,,0x15161616,,,0x15161616,0x15161616,0x15161616,0x15161616,0x15161616,,,,0x15161616,,,,
0x0080834c,no,,,,,,0x14151515,,,0x14151515,0x14151515,0x14151515,0x14151515,0x14151515,,,,0x14151515,,,,
0x00808350,no,,,,,,0x13141414,,,0x13141414,0x13141414,0x13141414,0x13141414,0x13141414,,,,0x13141414,,,,
0x00808354,no,,,,,,0x12131313,,,0x12131313,0x12131313,0x12131313,0x12131313,0x12131313,,,,0x12131313,,,,
0x00808358,no,,,,,,0x12121212,,,0x12121212,0x12121212,0x12121212,0x12121212,0x12121212,,,,0x12121212,,,,
0x0080835c,no,,,,,,0x11111111,,,0x11111111,0x11111111,0x11111111,0x11111111,0x11111111,,,,0x11111111,,,,
0x00808360,no,,,,,,0x10101011,,,0x10101011,0x10101011,0x10101011,0x10101011,0x10101011,,,,0x10101011,,,,
0x00808364,no,,,,,,0x10101010,,,0x10101010,0x10101010,0x10101010,0x10101010,0x10101010,,,,0x10101010,,,,
0x00808368,no,,,,,,0x0f0f0f0f,,,0x0f0f0f0f,0x0f0f0f0f,0x0f0f0f0f,0x0f0f0f0f,0x0f0f0f0f,,,,0x0f0f0f0f,,,,
0x0080836c,no,,,,,,0x0e0f0f0f,,,0x0e0f0f0f,0x0e0f0f0f,0x0e0f0f0f,0x0e0f0f0f,0x0e0f0f0f,,,,0x0e0f0f0f,,,,
0x00808370,no,,,,,,0x0e0e0e0e,,,0x0e0e0e0e,0x0e0e0e0e,0x0e0e0e0e,0x0e0e0e0e,0x0e0e0e0e,,,,0x0e0e0e0e,,,,
0x00808374,no,,,,,,0x0d0e0e0e,,,0x0d0e0e0e,0x0d0e0e0e,0x0d0e0e0e,0x0d0e0e0e,0x0d0e0e0e,,,,0x0d0e0e0e,,,,
0x00808378,no,,,,,,0x0d0d0d0d,,,0x0d0d0d0d,0x0d0d0d0d,0x0d0d0d0d,0x0d0d0d0d,0x0d0d0d0d,,,,0x0d0d0d0d,,,,
0x0080837c,no,0x00000000,0x00000000,0x00000000,0x00000000,0x00000000,0x00000000,0x00000000,0x00000000,0x00000000,0x00000000,0x00000000,0x00000000,0x00000000,0x00000000,0x00000000,0x00000000,0x00000000,0x00000000,0x00000000,0x00000000,0x00000000
0x00808380,no,,,,,,0x00000014,,,0x00000014,0x00000014,0x00000014,0x00000014,0x00000014,,,,0x00000014,,,,
0x00808384,yes,0x00000100,0x00000100,0x00000100,0x00000100,0x00000100,0x00000014,0x00000100,0x00000100,0x00000014,0x00000014,0x00000014,0x00000014,0x00000014,0x00000100,0x00000100,0x00000100,0x00000014,0x00000100,0x00000100,0x00000100,0x00000100
0x00808388,no,0x89abcdef,0x89abcdef,0x89abcdef,0x89abcdef,0x89abcdef,0x89abcdef,0x89abcdef,0x89abcdef,0x89abcdef,0x89abcdef,0x89abcdef,0x89abcdef,0x89abcdef,0x89abcdef,0x89abcdef,0x89abcdef,0x89abcdef,0x89abcdef,0x89abcdef,0x89abcdef,0x89abcdef
0x0080838c,no,0x01234567,0x01234567,0x01234567,0x01234567,0x01234567,0x01234567,0x01234567,0x01234567,0x01234567,0x01234567,0x01234567,0x01234567,0x01234567,0x01234567,0x01234567,0x01234567,0x01234567,0x01234567,0x01234567,0x01234567,0x01234567
0x00808398,no,,,,,,0x00000001,,,0x00000001,0x00000001,0x00000001,0x00000001,0x00000001,,,,0x00000001,,,,
0x0080839c,no,,,,,,,,,,,0x0000001e,,,,,,,,,,
0x008083a0,yes,,,,,,0x00003150,,,0x00007310,0x00007310,0x00003550,0x00003350,0x00003150,,,,0x00003150,,,,
0x008083b8,yes,,,,,,0x00000020,,,0x00000020,0x00000020,0x00000030,0x00000030,0x00000030,,,,0x00000030,,,,
0x008083bc,yes,,,,,,0x00000011,,,0x00000111,0x00000111,0x00000011,0x00000011,0x00000011,,,,0x00000011,,,,
0x008083c0,yes,0x00000010,0x00000010,0x00000010,0x00000010,0x00000010,0x00000210,0x00000010,0x00000010,0x00000010,0x00000010,0x00000210,0x00000210,0x00000210,0x00000010,0x00000010,0x00000010,0x00000210,0x00000010,0x00000010,0x00000010,0x00000010
0x00808400,no,0x00000002,0x00000002,0x00000002,0x00000002,0x00000002,0x00000002,0x00000002,0x00000002,0x00000002,0x00000002,0x00000002,0x00000002,0x00000002,0x00000002,0x00000002,0x00000002,0x00000002,0x00000002,0x00000002,0x00000002,0x00000002
0x0080841c,no,0x007f00bf,0x007f00bf,0x007f00bf,0x007f00bf,0x007f00bf,0x007f00bf,0x007f00bf,0x007f00bf,0x007f00bf,0x007f00bf,0x007f00bf,0x007f00bf,0x007f00bf,0x007f00bf,0x007f00bf,0x007f00bf,0x007f00bf,0x007f00bf,0x007f00bf,0x007f00bf,0x007f00bf
0x00808420,no,0x01ff01ff,0x01ff01ff,0x01ff01ff,0x01ff01ff,0x01ff01ff,0x01ff01ff,0x01ff01ff,0x01ff01ff,0x01ff01ff,0x01ff01ff,0x01ff01ff,0x01ff01ff,0x01ff01ff,0x01ff01ff,0x01ff01ff,0x01ff01ff,0x01ff01ff,0x01ff01ff,0x01ff01ff,0x01ff01ff,0x01ff01ff
0x00808424,no,0x00030003,0x00030003,0x00030003,0x00030003,0x00030003,0x00030003,0x00030003,0x00030003,0x00030003,0x00030003,0x00030003,0x00030003,0x00030003,0x00030003,0x00030003,0x00030003,0x00030003,0x00030003,0x00030003,0x00030003,0x00030003
0x00808434,no,0x0000e000,0x0000e000,0x0000e000,0x0000e000,0x0000e000,0x0000e000,0x0000e000,0x0000e000,0x0000e000,0x0000e000,0x0000e000,0x0000e000,0x0000e000,0x0000e000,0x0000e000,0x0000e000,0x0000e000,0x0000e000,0x0000e000,0x0000e000,0x0000e000
0x00808438,no,0x00000b00,0x00000b00,0x00000b00,0x00000b00,0x00000b00,0x00000b00,0x00000b00,0x00000b00,0x00000b00,0x00000b00,0x00000b00,0x00000b00,0x00000b00,0x00000b00,0x00000b00,0x00000b00,0x00000b00,0x00000b00,0x00000b00,0x00000b00,0x00000b00
0x0080843c,no,,,,,,0x191a1a1a,,,,,,,,,,,,0x191a1a1a,,,
0x00808440,no,,,,,,0x18181919,,,,,,,,,,,,0x18181919,,,
0x00808444,no,,,,,,0x17171718,,,,,,,,,,,,0x17171718,,,
0x00808448,no,,,,,,0x15161616,,,,,,,,,,,,0x15161616,,,
0x0080844c,no,,,,,,0x14151515,,,,,,,,,,,,0x14151515,,,
0x00808450,no,,,,,,0x13141414,,,,,,,,,,,,0x13141414,,,
0x00808454,no,,,,,,0x12131313,,,,,,,,,,,,0x12131313,,,
0x00808458,no,,,,,,0x12121212,,,,,,,,,,,,0x12121212,,,
0x0080845c,no,,,,,,0x11111111,,,,,,,,,,,,0x11111111,,,
0x00808460,no,,,,,,0x10101011,,,,,,,,,,,,0x10101011,,,
0x00808464,no,,,,,,0x10101010,,,,,,,,,,,,0x10101010,,,
0x00808468,no,,,,,,0x0f0f0f0f,,,,,,,,,,,,0x0f0f0f0f,,,
0x0080846c,no,,,,,,0x0e0f0f0f,,,,,,,,,,,,0x0e0f0f0f,,,
0x00808470,no,,,,,,0x0e0e0e0e,,,,,,,,,,,,0x0e0e0e0e,,,
0x00808474,no,,,,,,0x0d0e0e0e,,,,,,,,,,,,0x0d0e0e0e,,,
0x00808478,no,,,,,,0x0d0d0d0d,,,,,,,,,,,,0x0d0d0d0d,,,
0x0080847c,no,0x00000000,0x00000000,0x00000000,0x00000000,0x00000000,0x00000000,0x00000000,0x00000000,0x00000000,0x00000000,0x00000000,0x00000000,0x00000000,0x00000000,0x00000000,0x00000000,0x00000000,0x00000000,0x00000000,0x00000000,0x00000000
0x00808480,no,,,,,,0x00000014,,,,,,,,,,,,0x00000014,,,
0x00808484,yes,0x00000100,0x00000100,0x00000100,0x00000100,0x00000100,0x00000014,0x00000100,0x00000100,0x00000100,0x00000100,0x00000100,0x00000100,0x00000100,0x00000100,0x00000100,0x00000100,0x00000100,0x00000014,0x00000100,0x00000100,0x00000100
0x00808488,no,0x89abcdef,0x89abcdef,0x89abcdef,0x89abcdef,0x89abcdef,0x89abcdef,0x89abcdef,0x89abcdef,0x89abcdef,0x89abcdef,0x89abcdef,0x89abcdef,0x89abcdef,0x89abcdef,0x89abcdef,0x89abcdef,0x89abcdef,0x89abcdef,0x89abcdef,0x89abcdef,0x89abcdef
0x0080848c,no,0x01234567,0x01234567,0x01234567,0x01234567,0x01234567,0x01234567,0x01234567,0x01234567,0x01234567,0x01234567,0x01234567,0x01234567,0x01234567,0x01234567,0x01234567,0x01234567,0x01234567,0x01234567,0x01234567,0x01234567,0x01234567
0x00808498,no,,,,,,0x00000001,,,,,,,,,,,,0x00000001,,,
0x008084a0,no,,,,,,0x00003150,,,,,,,,,,,,0x00003150,,,
0x008084b8,yes,,,,,,0x00000020,,,,,,,,,,,,0x00000030,,,
0x008084bc,no,,,,,,0x00000011,,,,,,,,,,,,0x00000011,,,
0x008084c0,yes,0x00000010,0x00000010,0x00000010,0x00000010,0x00000010,0x00000210,0x00000010,0x00000010,0x00000010,0x00000010,0x00000010,0x00000010,0x00000010,0x00000010,0x00000010,0x00000010,0x00000010,0x00000210,0x00000010,0x00000010,0x00000010
0x008084dc,no,,,,,,0x00000031,,,0x00000031,0x00000031,0x00000031,0x00000031,0x00000031,,,,0x00000031,,,,
0x00808500,no,0x00000002,0x00000002,0x00000002,0x00000002,0x00000002,0x00000002,0x00000002,0x00000002,0x00000002,0x00000002,0x00000002,0x00000002,0x00000002,0x00000002,0x00000002,0x00000002,0x00000002,0x00000002,0x00000002,0x00000002,0x00000002
0x0080851c,no,0x007f00bf,0x007f00bf,0x007f00bf,0x007f00bf,0x007f00bf,0x007f00bf,0x007f00bf,0x007f00bf,0x007f00bf,0x007f00bf,0x007f00bf,0x007f00bf,0x007f00bf,0x007f00bf,0x007f00bf,0x007f00bf,0x007f00bf,0x007f00bf,0x007f00bf,0x007f00bf,0x007f00bf
0x00808520,no,0x01ff01ff,0x01ff01ff,0x01ff01ff,0x01ff01ff,0x01ff01ff,0x01ff01ff,0x01ff01ff,0x01ff01ff,0x01ff01ff,0x01ff01ff,0x01ff01ff,0x01ff01ff,0x01ff01ff,0x01ff01ff,0x01ff01ff,0x01ff01ff,0x01ff01ff,0x01ff01ff,0x01ff01ff,0x01ff01ff,0x01ff01ff
0x00808524,no,0x00030003,0x00030003,0x00030003,0x00030003,0x00030003,0x00030003,0x00030003,0x00030003,0x00030003,0x00030003,0x00030003,0x00030003,0x00030003,0x00030003,0x00030003,0x00030003,0x00030003,0x00030003,0x00030003,0x00030003,0x00030003
0x00808534,no,0x0000e000,0x0000e000,0x0000e000,0x0000e000,0x0000e000,0x0000e000,0x0000e000,0x0000e000,0x0000e000,0x0000e000,0x0000e000,0x0000e000,0x0000e000,0x0000e000,0x0000e000,0x0000e000,0x0000e000,0x0000e000,0x0000e000,0x0000e000,0x0000e000
0x00808538,no,0x00000b00,0x00000b00,0x00000b00,0x00000b00,0x00000b00,0x00000b00,0x00000b00,0x00000b00,0x00000b00,0x00000b00,0x00000b00,0x00000b00,0x00000b00,0x00000b00,0x00000b00,0x00000b00,0x00000b00,0x00000b00,0x00000b00,0x00000b00,0x00000b00
0x0080853c,no,,,,,,0x191a1a1a,,,,,,,,0x191a1a1a,,,,,0x191a1a1a,0x191a1a1a,
0x00808540,no,,,,,,0x18181919,,,,,,,,0x18181919,,,,,0x18181919,0x18181919,
0x00808544,no,,,,,,0x17171718,,,,,,,,0x17171718,,,,,0x17171718,0x17171718,
0x00808548,no,,,,,,0x15161616,,,,,,,,0x15161616,,,,,0x15161616,0x15161616,
0x0080854c,no,,,,,,0x14151515,,,,,,,,0x14151515,,,,,0x14151515,0x14151515,
0x00808550,no,,,,,,0x13141414,,,,,,,,0x13141414,,,,,0x13141414,0x13141414,
0x00808554,no,,,,,,0x12131313,,,,,,,,0x12131313,,,,,0x12131313,0x12131313,
0x00808558,no,,,,,,0x12121212,,,,,,,,0x12121212,,,,,0x12121212,0x12121212,
0x0080855c,no,,,,,,0x11111111,,,,,,,,0x11111111,,,,,0x11111111,0x11111111,
0x00808560,no,,,,,,0x10101011,,,,,,,,0x10101011,,,,,0x10101011,0x10101011,
0x00808564,no,,,,,,0x10101010,,,,,,,,0x10101010,,,,,0x10101010,0x10101010,
0x00808568,no,,,,,,0x0f0f0f0f,,,,,,,,0x0f0f0f0f,,,,,0x0f0f0f0f,0x0f0f0f0f,
0x0080856c,no,,,,,,0x0e0f0f0f,,,,,,,,0x0e0f0f0f,,,,,0x0e0f0f0f,0x0e0f0f0f,
0x00808570,no,,,,,,0x0e0e0e0e,,,,,,,,0x0e0e0e0e,,,,,0x0e0e0e0e,0x0e0e0e0e,
0x00808574,no,,,,,,0x0d0e0e0e,,,,,,,,0x0d0e0e0e,,,,,0x0d0e0e0e,0x0d0e0e0e,
0x00808578,no,,,,,,0x0d0d0d0d,,,,,,,,0x0d0d0d0d,,,,,0x0d0d0d0d,0x0d0d0d0d,
0x0080857c,no,0x00000000,0x00000000,0x00000000,0x00000000,0x00000000,0x00000000,0x00000000,0x00000000,0x00000000,0x00000000,0x00000000,0x00000000,0x00000000,0x00000000,0x00000000,0x00000000,0x00000000,0x00000000,0x00000000,0x00000000,0x00000000
0x00808580,no,,,,,,0x00000014,,,,,,,,0x00000014,,,,,0x00000014,0x00000014,
0x00808584,yes,0x00000100,0x00000100,0x00000100,0x00000100,0x00000100,0x00000014,0x00000100,0x00000100,0x00000100,0x00000100,0x00000100,0x00000100,0x00000100,0x00000014,0x00000100,0x00000100,0x00000100,0x00000100,0x00000014,0x00000014,0x00000100
0x00808588,no,0x89abcdef,0x89abcdef,0x89abcdef,0x89abcdef,0x89abcdef,0x89abcdef,0x89abcdef,0x89abcdef,0x89abcdef,0x89abcdef,0x89abcdef,0x89abcdef,0x89abcdef,0x89abcdef,0x89abcdef,0x89abcdef,0x89abcdef,0x89abcdef,0x89abcdef,0x89abcdef,0x89abcdef
0x0080858c,no,0x01234567,0x01234567,0x01234567,0x01234567,0x01234567,0x01234567,0x01234567,0x01234567,0x01234567,0x01234567,0x01234567,0x01234567,0x01234567,0x01234567,0x01234567,0x01234567,0x01234567,0x01234567,0x01234567,0x01234567,0x01234567
0x00808598,no,,,,,,0x00000001,,,,,,,,0x00000001,,,,,0x00000001,0x00000001,
0x008085a0,yes,,,,,,0x00003150,,,,,,,,0x00003150,,,,,0x00003150,0x00003350,
0x008085b8,yes,,,,,,0x00000020,,,,,,,,0x00000030,,,,,0x00000030,0x00000030,
0x008085bc,no,,,,,,0x00000011,,,,,,,,0x00000011,,,,,0x00000011,0x00000011,
0x008085c0,yes,0x00000010,0x00000010,0x00000010,0x00000010,0x00000010,0x00000210,0x00000010,0x00000010,0x00000010,0x00000010,0x00000010,0x00000010,0x00000010,0x00000210,0x00000010,0x00000010,0x00000010,0x00000010,0x00000210,0x00000210,0x00000010
0x00808600,yes,0x00000312,0x0000001a,0x0000001a,0x0000001a,0x0000001a,0x0000011a,0x0000011a,0x0000011a,0x0000011a,0x0000011a,0x0000011a,0x0000011a,,,0x0000011a,0x0000011a,,,,,0x0000011a
0x00808604,no,0x0008020c,0x0008020c,0x0008020c,0x0008020c,0x0008020c,0x0008020c,0x0008020c,0x0008020c,0x0008020c,0x0008020c,0x0008020c,0x0008020c,,,0x0008020c,0x0008020c,,,,,0x0008020c
0x00808608,yes,,,,,,0x0000111a,,,0x0000101a,0x0000101a,0x0000111a,0x0000111a,0x0000111a,,,,0x0000111a,,,,
0x0080860c,no,,,,,,0x0008020c,,,0x0008020c,0x0008020c,0x0008020c,0x0008020c,0x0008020c,,,,0x0008020c,,,,
0x00808610,no,,,,,,0x0000211a,,,,,,,,,,,,0x0000211a,,,
0x00808614,no,,,,,,0x0008020c,,,,,,,,,,,,0x0008020c,,,
0x00808618,no,,,,,,0x0000311a,,,,,,,,0x0000311a,,,,,0x0000311a,0x0000311a,
0x0080861c,no,,,,,,0x0008020c,,,,,,,,0x0008020c,,,,,0x0008020c,0x0008020c,
0x00808620,yes,0x00000032,0x00000006,0x00000006,0x00000006,0x00000006,0x00000016,0x00000016,0x00000016,0x00000016,0x00000016,0x00000016,0x00000016,,,0x00000016,0x00000016,,,,,0x00000016
0x00808624,no,0x0008020c,0x0008020c,0x0008020c,0x0008020c,0x0008020c,0x0008020c,0x0008020c,0x0008020c,0x0008020c,0x0008020c,0x0008020c,0x0008020c,,,0x0008020c,0x0008020c,,,,,0x0008020c
0x00808628,yes,,,,,,0x00000116,,,0x00000106,0x00000106,0x00000116,0x00000116,0x00000116,,,,0x00000116,,,,
0x0080862c,no,,,,,,0x0008020c,,,0x0008020c,0x0008020c,0x0008020c,0x0008020c,0x0008020c,,,,0x0008020c,,,,
0x00808630,no,,,,,,0x00000216,,,,,,,,,,,,0x00000216,,,
0x00808634,no,,,,,,0x0008020c,,,,,,,,,,,,0x0008020c,,,
0x00808638,no,,,,,,0x00000316,,,,,,,,0x00000316,,,,,0x00000316,0x00000316,
0x0080863c,no,,,,,,0x0008020c,,,,,,,,0x0008020c,,,,,0x0008020c,0x0008020c,
0x008086dc,no,,,,,,0x00000031,,,,,,,,,,,,0x00000031,,,
0x00808710,no,0x00000008,0x00000008,0x00000008,0x00000008,0x00000008,0x00000008,0x00000008,0x00000008,0x00000008,0x00000008,0x00000008,0x00000008,0x00000008,0x00000008,0x00000008,0x00000008,0x00000008,0x00000008,0x00000008,0x00000008,0x00000008
0x00808714,no,0x04000700,0x04000700,0x04000700,0x04000700,0x04000700,0x04000700,0x04000700,0x04000700,0x04000700,0x04000700,0x04000700,0x04000700,0x04000700,0x04000700,0x04000700,0x04000700,0x04000700,0x04000700,0x04000700,0x04000700,0x04000700
0x00808720,no,0x00000008,0x00000008,0x00000008,0x00000008,0x00000008,0x00000008,0x00000008,0x00000008,0x00000008,0x00000008,0x00000008,0x00000008,0x00000008,0x00000008,0x00000008,0x00000008,0x00000008,0x00000008,0x00000008,0x00000008,0x00000008
0x00808724,no,0x04000700,0x04000700,0x04000700,0x04000700,0x04000700,0x04000700,0x04000700,0x04000700,0x04000700,0x04000700,0x04000700,0x04000700,0x04000700,0x04000700,0x04000700,0x04000700,0x04000700,0x04000700,0x04000700,0x04000700,0x04000700
0x00808730,no,0x00000008,0x00000008,0x00000008,0x00000008,0x00000008,0x00000008,0x00000008,0x00000008,0x00000008,0x00000008,0x00000008,0x00000008,0x00000008,0x00000008,0x00000008,0x00000008,0x00000008,0x00000008,0x00000008,0x00000008,0x00000008
0x00808734,no,0x04000700,0x04000700,0x04000700,0x04000700,0x04000700,0x04000700,0x04000700,0x04000700,0x04000700,0x04000700,0x04000700,0x04000700,0x04000700,0x04000700,0x04000700,0x04000700,0x04000700,0x04000700,0x04000700,0x04000700,0x04000700
0x00808740,no,0x00000008,0x00000008,0x00000008,0x00000008,0x00000008,0x00000008,0x00000008,0x00000008,0x00000008,0x00000008,0x00000008,0x00000008,0x00000008,0x00000008,0x00000008,0x00000008,0x00000008,0x00000008,0x00000008,0x00000008,0x00000008
0x00808744,no,0x04000700,0x04000700,0x04000700,0x04000700,0x04000700,0x04000700,0x04000700,0x04000700,0x04000700,0x04000700,0x04000700,0x04000700,0x04000700,0x04000700,0x04000700,0x04000700,0x04000700,0x04000700,0x04000700,0x04000700,0x04000700
0x00808758,no,0x000000c0,0x000000c0,0x000000c0,0x000000c0,0x000000c0,0x000000c0,0x000000c0,0x000000c0,0x000000c0,0x000000c0,0x000000c0,0x000000c0,0x000000c0,0x000000c0,0x000000c0,0x000000c0,0x000000c0,0x000000c0,0x000000c0,0x000000c0,0x000000c0
0x00808760,yes,0x00015010,0x00015010,0x00015010,0x00015010,0x00015010,0x00015010,0x00015010,0x00015010,0x00015010,0x00015010,0x00015010,0x00015010,0x00015010,0x00015010,0x00015010,0x00015410,0x00015410,0x00015410,0x00015410,0x00015410,0x00015010
0x00808764,no,0x00005010,0x00005010,0x00005010,0x00005010,0x00005010,0x00005010,0x00005010,0x00005010,0x00005010,0x00005010,0x00005010,0x00005010,0x00005010,0x00005010,0x00005010,0x00005010,0x00005010,0x00005010,0x00005010,0x00005010,0x00005010
0x00808808,no,0x00000003,0x00000003,0x00000003,0x00000003,0x00000003,0x00000003,0x00000003,0x00000003,0x00000003,0x00000003,0x00000003,0x00000003,0x00000003,0x00000003,0x00000003,0x00000003,0x00000003,0x00000003,0x00000003,0x00000003,0x00000003
0x0080880c,no,0x00000011,0x00000011,0x00000011,0x00000011,0x00000011,0x00000011,0x00000011,0x00000011,0x00000011,0x00000011,0x00000011,0x00000011,0x00000011,0x00000011,0x00000011,0x00000011,0x00000011,0x00000011,0x00000011,0x00000011,0x00000011
0x0080881c,no,0xffffffff,0xffffffff,0xffffffff,0xffffffff,0xffffffff,0xffffffff,0xffffffff,0xffffffff,0xffffffff,0xffffffff,0xffffffff,0xffffffff,0xffffffff,0xffffffff,0xffffffff,0xffffffff,0xffffffff,0xffffffff,0xffffffff,0xffffffff,0xffffffff
0x00808820,no,0x000007ff,0x000007ff,0x000007ff,0x000007ff,0x000007ff,0x000007ff,0x000007ff,0x000007ff,0x000007ff,0x000007ff,0x000007ff,0x000007ff,0x000007ff,0x000007ff,0x000007ff,0x000007ff,0x000007ff,0x000007ff,0x000007ff,0x000007ff,0x000007ff
0x00808824,yes,0x00000013,0x00000001,0x00000001,0x00000001,0x00000001,0x00000013,0x00000013,0x00000013,0x00000013,0x00000013,0x00000013,0x00000013,0x00000001,0x00000001,0x00000013,0x00000013,0x00000001,0x00000001,0x00000001,0x00000001,0x00000013
0x00808828,no,0x00000000,0x00000000,0x00000000,0x00000000,0x00000000,0x00000000,0x00000000,0x00000000,0x00000000,0x00000000,0x00000000,0x00000000,0x00000000,0x00000000,0x00000000,0x00000000,0x00000000,0x00000000,0x00000000,0x00000000,0x00000000
0x0080882c,no,0x00707120,0x00707120,0x00707120,0x00707120,0x00707120,0x00707120,0x00707120,0x00707120,0x00707120,0x00707120,0x00707120,0x00707120,0x00707120,0x00707120,0x00707120,0x00707120,0x00707120,0x00707120,0x00707120,0x00707120,0x00707120
0x00808830,no,0xffffffff,0xffffffff,0xffffffff,0xffffffff,0xffffffff,0xffffffff,0xffffffff,0xffffffff,0xffffffff,0xffffffff,0xffffffff,0xffffffff,0xffffffff,0xffffffff,0xffffffff,0xffffffff,0xffffffff,0xffffffff,0xffffffff,0xffffffff,0xffffffff
0x00808834,no,0x000007ff,0x000007ff,0x000007ff,0x000007ff,0x000007ff,0x000007ff,0x000007ff,0x000007ff,0x000007ff,0x000007ff,0x000007ff,0x000007ff,0x000007ff,0x000007ff,0x000007ff,0x000007ff,0x000007ff,0x000007ff,0x000007ff,0x000007ff,0x000007ff
0x00808838,yes,0x00000001,0x00000001,0x00000001,0x00000001,0x00000001,0x00000013,0x00000001,0x00000001,0x00000001,0x00000001,0x00000013,0x00000013,0x00000013,0x00000001,0x00000001,0x00000001,0x00000013,0x00000001,0x00000001,0x00000001,0x00000001
0x0080883c,no,0x00000000,0x00000000,0x00000000,0x00000000,0x00000000,0x00000000,0x00000000,0x00000000,0x00000000,0x00000000,0x00000000,0x00000000,0x00000000,0x00000000,0x00000000,0x00000000,0x00000000,0x00000000,0x00000000,0x00000000,0x00000000
0x00808840,no,0x00707120,0x00707120,0x00707120,0x00707120,0x00707120,0x00707120,0x00707120,0x00707120,0x00707120,0x00707120,0x00707120,0x00707120,0x00707120,0x00707120,0x00707120,0x00707120,0x00707120,0x00707120,0x00707120,0x00707120,0x00707120
0x00808844,no,0xffffffff,0xffffffff,0xffffffff,0xffffffff,0xffffffff,0xffffffff,0xffffffff,0xffffffff,0xffffffff,0xffffffff,0xffffffff,0xffffffff,0xffffffff,0xffffffff,0xffffffff,0xffffffff,0xffffffff,0xffffffff,0xffffffff,0xffffffff,0xffffffff
0x00808848,no,0x000007ff,0x000007ff,0x000007ff,0x000007ff,0x000007ff,0x000007ff,0x000007ff,0x000007ff,0x000007ff,0x000007ff,0x000007ff,0x000007ff,0x000007ff,0x000007ff,0x000007ff,0x000007ff,0x000007ff,0x000007ff,0x000007ff,0x000007ff,0x000007ff
0x0080884c,yes,0x00000001,0x00000001,0x00000001,0x00000001,0x00000001,0x00000013,0x00000001,0x00000001,0x00000001,0x00000001,0x00000001,0x00000001,0x00000001,0x00000001,0x00000001,0x00000001,0x00000001,0x00000013,0x00000001,0x00000001,0x00000001
0x00808850,no,0x00000000,0x00000000,0x00000000,0x00000000,0x00000000,0x00000000,0x00000000,0x00000000,0x00000000,0x00000000,0x00000000,0x00000000,0x00000000,0x00000000,0x00000000,0x00000000,0x00000000,0x00000000,0x00000000,0x00000000,0x00000000
0x00808854,no,0x00707120,0x00707120,0x00707120,0x00707120,0x00707120,0x00707120,0x00707120,0x00707120,0x00707120,0x00707120,0x00707120,0x00707120,0x00707120,0x00707120,0x00707120,0x00707120,0x00707120,0x00707120,0x00707120,0x00707120,0x00707120
0x00808858,no,0xffffffff,0xffffffff,0xffffffff,0xffffffff,0xffffffff,0xffffffff,0xffffffff,0xffffffff,0xffffffff,0xffffffff,0xffffffff,0xffffffff,0xffffffff,0xffffffff,0xffffffff,0xffffffff,0xffffffff,0xffffffff,0xffffffff,0xffffffff,0xffffffff
0x0080885c,no,0x000007ff,0x000007ff,0x000007ff,0x000007ff,0x000007ff,0x000007ff,0x000007ff,0x000007ff,0x000007ff,0x000007ff,0x000007ff,0x000007ff,0x000007ff,0x000007ff,0x000007ff,0x000007ff,0x000007ff,0x000007ff,0x000007ff,0x000007ff,0x000007ff
0x00808860,yes,0x00000001,0x00000001,0x00000001,0x00000001,0x00000001,0x00000013,0x00000001,0x00000001,0x00000001,0x00000001,0x00000001,0x00000001,0x00000001,0x00000013,0x00000001,0x00000001,0x00000001,0x00000001,0x00000013,0x00000013,0x00000001
0x00808864,no,0x00000000,0x00000000,0x00000000,0x00000000,0x00000000,0x00000000,0x00000000,0x00000000,0x00000000,0x00000000,0x00000000,0x00000000,0x00000000,0x00000000,0x00000000,0x00000000,0x00000000,0x00000000,0x00000000,0x00000000,0x00000000
0x00808868,no,0x00707120,0x00707120,0x00707120,0x00707120,0x00707120,0x00707120,0x00707120,0x00707120,0x00707120,0x00707120,0x00707120,0x00707120,0x00707120,0x00707120,0x00707120,0x00707120,0x00707120,0x00707120,0x00707120,0x00707120,0x00707120
0x0080886c,no,0x00000001,0x00000001,0x00000001,0x00000001,0x00000001,0x00000001,0x00000001,0x00000001,0x00000001,0x00000001,0x00000001,0x00000001,0x00000001,0x00000001,0x00000001,0x00000001,0x00000001,0x00000001,0x00000001,0x00000001,0x00000001
0x00808870,yes,0x00000000,0x00000000,0x00000000,0x00000000,0x00000000,0x00000000,0x20000000,0x00000000,0x00000000,0x00000000,0x00000000,0x00000000,0x00000000,0x00000000,0x00000000,0x00000000,0x00000000,0x00000000,0x00000000,0x00000000,0x10000000
0x00808884,no,0x00000000,0x00000000,0x00000000,0x00000000,0x00000000,0x00000000,0x00000000,0x00000000,0x00000000,0x00000000,0x00000000,0x00000000,0x00000000,0x00000000,0x00000000,0x00000000,0x00000000,0x00000000,0x00000000,0x00000000,0x00000000
0x00808888,no,0x00000100,0x00000100,0x00000100,0x00000100,0x00000100,0x00000100,0x00000100,0x00000100,0x00000100,0x00000100,0x00000100,0x00000100,,,0x00000100,0x00000100,,,,,0x00000100
0x0080888c,no,,,,,,0x00000100,,,0x00000100,0x00000100,0x00000100,0x00000100,0x00000100,,,,0x00000100,,,,
0x00808890,no,,,,,,0x00000100,,,,,,,,,,,,0x00000100,,,
0x00808894,no,,,,,,0x00000100,,,,,,,,0x00000100,,,,,0x00000100,0x00000100,
0x008088dc,no,,,,,,0x00000031,,,,,,,,0x00000031,,,,,0x00000031,0x00000031,
0x00808900,no,0x00000001,0x00000001,0x00000001,0x00000001,0x00000001,0x00000001,0x00000001,0x00000001,0x00000001,0x00000001,0x00000001,0x00000001,0x00000001,0x00000001,0x00000001,0x00000001,0x00000001,0x00000001,0x00000001,0x00000001,0x00000001
0x00808904,no,0x000050ff,0x000050ff,0x000050ff,0x000050ff,0x000050ff,0x000050ff,0x000050ff,0x000050ff,0x000050ff,0x000050ff,0x000050ff,0x000050ff,0x000050ff,0x000050ff,0x000050ff,0x000050ff,0x000050ff,0x000050ff,0x000050ff,0x000050ff,0x000050ff
0x00808908,no,0x00005f00,0x00005f00,0x00005f00,0x00005f00,0x00005f00,0x00005f00,0x00005f00,0x00005f00,0x00005f00,0x00005f00,0x00005f00,0x00005f00,0x00005f00,0x00005f00,0x00005f00,0x00005f00,0x00005f00,0x00005f00,0x00005f00,0x00005f00,0x00005f00
0x0080890c,no,0x00006080,0x00006080,0x00006080,0x00006080,0x00006080,0x00006080,0x00006080,0x00006080,0x00006080,0x00006080,0x00006080,0x00006080,0x00006080,0x00006080,0x00006080,0x00006080,0x00006080,0x00006080,0x00006080,0x00006080,0x00006080
0x00808910,no,0x00005800,0x00005800,0x00005800,0x00005800,0x00005800,0x00005800,0x00005800,0x00005800,0x00005800,0x00005800,0x00005800,0x00005800,0x00005800,0x00005800,0x00005800,0x00005800,0x00005800,0x00005800,0x00005800,0x00005800,0x00005800
0x00808914,no,0x00006001,0x00006001,0x00006001,0x00006001,0x00006001,0x00006001,0x00006001,0x00006001,0x00006001,0x00006001,0x00006001,0x00006001,0x00006001,0x00006001,0x00006001,0x00006001,0x00006001,0x00006001,0x00006001,0x00006001,0x00006001
0x00808918,yes,0x00004000,0x00004000,0x00004000,0x00004000,0x00004000,0x00004000,0x0000470f,0x00004000,0x00004000,0x00004000,0x00004000,0x00004000,0x00004000,0x00004000,0x00004000,0x00004000,0x00004000,0x00004000,0x00004000,0x00004000,0x0000470f
0x0080891c,yes,0x00006300,0x00006300,0x00006300,0x00006300,0x00006300,0x00006300,0x00006200,0x00006300,0x00006300,0x00006300,0x00006300,0x00006300,0x00006300,0x00006300,0x00006300,0x00006300,0x00006300,0x00006300,0x00006300,0x00006300,0x00006200
0x00808920,no,0x000051ff,0x000051ff,0x000051ff,0x000051ff,0x000051ff,0x000051ff,0x000051ff,0x000051ff,0x000051ff,0x000051ff,0x000051ff,0x000051ff,0x000051ff,0x000051ff,0x000051ff,0x000051ff,0x000051ff,0x000051ff,0x000051ff,0x000051ff,0x000051ff
0x00808924,no,0x000052ff,0x000052ff,0x000052ff,0x000052ff,0x000052ff,0x000052ff,0x000052ff,0x000052ff,0x000052ff,0x000052ff,0x000052ff,0x000052ff,0x000052ff,0x000052ff,0x000052ff,0x000052ff,0x000052ff,0x000052ff,0x000052ff,0x000052ff,0x000052ff
0x00808928,no,0x00005f00,0x00005f00,0x00005f00,0x00005f00,0x00005f00,0x00005f00,0x00005f00,0x00005f00,0x00005f00,0x00005f00,0x00005f00,0x00005f00,0x00005f00,0x00005f00,0x00005f00,0x00005f00,0x00005f00,0x00005f00,0x00005f00,0x00005f00,0x00005f00
0x0080892c,no,0x00006080,0x00006080,0x00006080,0x00006080,0x00006080,0x00006080,0x00006080,0x00006080,0x00006080,0x00006080,0x00006080,0x00006080,0x00006080,0x00006080,0x00006080,0x00006080,0x00006080,0x00006080,0x00006080,0x00006080,0x00006080
0x00808930,yes,0x000041a2,0x000041a2,0x000041a2,0x000041a2,0x000041a2,0x000041a2,0x000041a2,0x000041a2,0x000041a2,0x000041a2,0x000041a2,0x000041a2,0x000041a2,0x000041a2,0x000041a2,0x000041a2,0x000041a2,0x000041a2,0x000041a2,0x000042a2,0x000041a2
0x00808934,yes,0x0000a000,0x0000a000,0x0000a000,0x0000a000,0x0000a000,0x0000a000,0x0000a000,0x0000a000,0x000042a2,0x000042a2,0x000044a2,0x000042a2,0x0000a000,0x0000a000,0x0000a000,0x0000a000,0x0000a000,0x0000a000,0x0000a000,0x0000a000,0x0000a000
0x00808938,no,,,,,,,,,0x0000a000,0x0000a000,0x0000a000,0x0000a000,,,,,,,,,
0x00808984,no,0x00000000,0x00000000,0x00000000,0x00000000,0x00000000,0x00000000,0x00000000,0x00000000,0x00000000,0x00000000,0x00000000,0x00000000,0x00000000,0x00000000,0x00000000,0x00000000,0x00000000,0x00000000,0x00000000,0x00000000,0x00000000
0x00809000,yes,0x00000f11,0x00000011,0x00000011,0x00000011,0x00000011,0x00000511,0x00000511,0x00000511,0x00000511,0x00000511,0x00000511,0x00000511,0x00000011,0x00000011,0x00000511,0x00000511,0x00000011,0x00000011,0x00000011,0x00000011,0x00000511
0x00809008,yes,0x00000008,0x00000008,0x00000088,0x00000088,0x00000008,0x00000008,0x00000008,0x00000008,0x00000008,0x00000008,0x00000008,0x00000008,,,0x00000008,0x00000008,,,,,0x00000008
0x00809010,no,0x0000017c,0x0000017c,0x0000017c,0x0000017c,0x0000017c,0x0000017c,0x0000017c,0x0000017c,0x0000017c,0x0000017c,0x0000017c,0x0000017c,,,0x0000017c,0x0000017c,,,,,0x0000017c
0x00809014,no,0x000003ff,0x000003ff,0x000003ff,0x000003ff,0x000003ff,0x000003ff,0x000003ff,0x000003ff,0x000003ff,0x000003ff,0x000003ff,0x000003ff,,,0x000003ff,0x000003ff,,,,,0x000003ff
0x00809020,no,0x0008007c,0x0008007c,0x0008007c,0x0008007c,0x0008007c,0x0008007c,0x0008007c,0x0008007c,0x0008007c,0x0008007c,0x0008007c,0x0008007c,,,0x0008007c,0x0008007c,,,,,0x0008007c
0x0080902c,yes,0x0008001c,0x0010007c,0x0010007c,0x0010007c,0x0010007c,0x0008001c,0x0008001c,0x0008001c,0x0008001c,0x0008001c,0x0008001c,0x0008001c,,,0x0008001c,0x0008001c,,,,,0x0008001c
0x0080903c,yes,0x00000008,0x00000008,0x00000008,0x00000408,0x00000408,0x00000008,0x00000008,0x00000008,0x00000008,0x00000008,0x00000008,0x00000008,,,0x00000008,0x00000008,,,,,0x00000008
0x00809068,yes,0x000001ff,0x000001ff,0x000001fe,0x000001be,0x000001bf,0x00000173,0x000001ff,0x000001ff,0x000001ff,0x000001ff,0x000001ff,0x000001ff,,,0x000001ff,0x000001ff,,,,,0x000001ff
0x0080906c,yes,0x00010110,0x00010110,0x00010110,0x00010110,0x00010110,0x00010110,0x00010110,0x00010110,0x00010110,0x00010110,0x00010110,0x00010110,0x00000110,0x00000110,0x00010110,0x00010110,0x00000110,0x00000110,0x00000110,0x00000110,0x00010110
0x00809070,no,0x00000000,0x00000000,0x00000000,0x00000000,0x00000000,0x00000000,0x00000000,0x00000000,0x00000000,0x00000000,0x00000000,0x00000000,0x00000000,0x00000000,0x00000000,0x00000000,0x00000000,0x00000000,0x00000000,0x00000000,0x00000000
0x00809074,no,0x00000000,0x00000000,0x00000000,0x00000000,0x00000000,0x00000000,0x00000000,0x00000000,0x00000000,0x00000000,0x00000000,0x00000000,0x00000000,0x00000000,0x00000000,0x00000000,0x00000000,0x00000000,0x00000000,0x00000000,0x00000000
0x00809078,yes,0x0000001c,0x0000007c,0x0000007c,0x0000007c,0x0000007c,0x0000001c,0x0000001c,0x0000001c,0x0000001c,0x0000001c,0x0000001c,0x0000001c,,,0x0000001c,0x0000001c,,,,,0x0000001c
0x0080907c,no,0x0000007c,0x0000007c,0x0000007c,0x0000007c,0x0000007c,0x0000007c,0x0000007c,0x0000007c,0x0000007c,0x0000007c,0x0000007c,0x0000007c,,,0x0000007c,0x0000007c,,,,,0x0000007c
0x00809080,no,0x0000007c,0x0000007c,0x0000007c,0x0000007c,0x0000007c,0x0000007c,0x0000007c,0x0000007c,0x0000007c,0x0000007c,0x0000007c,0x0000007c,,,0x0000007c,0x0000007c,,,,,0x0000007c
0x00809084,no,0x0000007c,0x0000007c,0x0000007c,0x0000007c,0x0000007c,0x0000007c,0x0000007c,0x0000007c,0x0000007c,0x0000007c,0x0000007c,0x0000007c,,,0x0000007c,0x0000007c,,,,,0x0000007c
0x00809088,no,0x00000000,0x00000000,0x00000000,0x00000000,0x00000000,0x00000000,0x00000000,0x00000000,0x00000000,0x00000000,0x00000000,0x00000000,,,0x00000000,0x00000000,,,,,0x00000000
0x0080908c,no,0x00000103,,,,,,,,,,,,,,,,,,,,
0x00809090,no,0x040c0183,,,,,,,,,,,,,,,,,,,,
0x00809094,no,0xffffffff,,,,,,,,,,,,,,,,,,,,
0x00809098,no,0x03ffffff,,,,,,,,,,,,,,,,,,,,
0x0080909c,no,0x00000000,,,,,,,,,,,,,,,,,,,,
0x008090a0,no,0x00000000,,,,,,,,,,,,,,,,,,,,
0x00809200,yes,0x00000011,0x00000011,0x00000011,0x00000011,0x00000011,0x00000511,0x00000011,0x00000011,0x00000011,0x00000011,0x00000511,0x00000511,0x00000511,0x00000011,0x00000011,0x00000011,0x00000511,0x00000011,0x00000011,0x00000011,0x00000011
0x00809208,no,,,,,,0x00000008,,,0x00000008,0x00000008,0x00000008,0x00000008,0x00000008,,,,0x00000008,,,,
0x00809210,no,,,,,,0x0000017c,,,0x0000017c,0x0000017c,0x0000017c,0x0000017c,0x0000017c,,,,0x0000017c,,,,
0x00809214,no,,,,,,0x000003ff,,,0x000003ff,0x000003ff,0x000003ff,0x000003ff,0x000003ff,,,,0x000003ff,,,,
0x00809220,no,,,,,,0x0008017c,,,0x0008017c,0x0008017c,0x0008017c,0x0008017c,0x0008017c,,,,0x0008017c,,,,
0x0080922c,no,,,,,,0x0008011c,,,0x0008011c,0x0008011c,0x0008011c,0x0008011c,0x0008011c,,,,0x0008011c,,,,
0x0080923c,no,,,,,,0x00000008,,,0x00000008,0x00000008,0x00000008,0x00000008,0x00000008,,,,0x00000008,,,,
0x00809268,yes,,,,,,0x00000173,,,0x00000173,0x00000173,0x000001ff,0x000001ff,0x000001ff,,,,0x000001ff,,,,
0x0080926c,yes,0x00000110,0x00000110,0x00000110,0x00000110,0x00000110,0x00010110,0x00000110,0x00000110,0x00013110,0x00013110,0x00020110,0x00013110,0x00010110,0x00000110,0x00000110,0x00000110,0x00010110,0x00000110,0x00000110,0x00000110,0x00000110
0x00809270,no,,,,,,0x00000000,,,0x00000000,0x00000000,0x00000000,0x00000000,0x00000000,,,,0x00000000,,,,
0x00809274,no,,,,,,0x00000000,,,0x00000000,0x00000000,0x00000000,0x00000000,0x00000000,,,,0x00000000,,,,
0x00809278,no,,,,,,0x0000001c,,,0x0000001c,0x0000001c,0x0000001c,0x0000001c,0x0000001c,,,,0x0000001c,,,,
0x0080927c,no,,,,,,0x0000007c,,,0x0000007c,0x0000007c,0x0000007c,0x0000007c,0x0000007c,,,,0x0000007c,,,,
0x00809280,no,,,,,,0x0000007c,,,0x0000007c,0x0000007c,0x0000007c,0x0000007c,0x0000007c,,,,0x0000007c,,,,
0x00809284,no,,,,,,0x0000007c,,,0x0000007c,0x0000007c,0x0000007c,0x0000007c,0x0000007c,,,,0x0000007c,,,,
0x00809288,no,,,,,,0x00000000,,,0x00000000,0x00000000,0x00000000,0x00000000,0x00000000,,,,0x00000000,,,,
0x00809400,yes,0x00000011,0x00000011,0x00000011,0x00000011,0x00000011,0x00000511,0x00000011,0x00000011,0x00000011,0x00000011,0x00000011,0x00000011,0x00000011,0x00000011,0x00000011,0x00000011,0x00000011,0x00000511,0x00000011,0x00000011,0x00000011
0x00809408,no,,,,,,0x00000008,,,,,,,,,,,,0x00000008,,,
0x00809410,no,,,,,,0x0000017c,,,,,,,,,,,,0x0000017c,,,
0x00809414,no,,,,,,0x000003ff,,,,,,,,,,,,0x000003ff,,,
0x00809420,no,,,,,,0x0008027c,,,,,,,,,,,,0x0008027c,,,
0x0080942c,no,,,,,,0x0008021c,,,,,,,,,,,,0x0008021c,,,
0x0080943c,no,,,,,,0x00000008,,,,,,,,,,,,0x00000008,,,
0x00809468,yes,,,,,,0x00000173,,,,,,,,,,,,0x000001ff,,,
0x0080946c,yes,0x00000110,0x00000110,0x00000110,0x00000110,0x00000110,0x00010110,0x00000110,0x00000110,0x00000110,0x00000110,0x00000110,0x00000110,0x00000110,0x00000110,0x00000110,0x00000110,0x00000110,0x00010110,0x00000110,0x00000110,0x00000110
0x00809470,no,,,,,,0x00000000,,,,,,,,,,,,0x00000000,,,
0x00809474,no,,,,,,0x00000000,,,,,,,,,,,,0x00000000,,,
0x00809478,no,,,,,,0x0000001c,,,,,,,,,,,,0x0000001c,,,
0x0080947c,no,,,,,,0x0000007c,,,,,,,,,,,,0x0000007c,,,
0x00809480,no,,,,,,0x0000007c,,,,,,,,,,,,0x0000007c,,,
0x00809484,no,,,,,,0x0000007c,,,,,,,,,,,,0x0000007c,,,
0x00809488,no,,,,,,0x00000000,,,,,,,,,,,,0x00000000,,,
0x00809600,yes,0x00000011,0x00000011,0x00000011,0x00000011,0x00000011,0x00000511,0x00000011,0x00000011,0x00000011,0x00000011,0x00000011,0x00000011,0x00000011,0x00000511,0x00000011,0x00000011,0x00000011,0x00000011,0x00000511,0x00000511,0x00000011
0x00809608,no,,,,,,0x00000008,,,,,,,,0x00000008,,,,,0x00000008,0x00000008,
0x00809610,no,,,,,,0x0000017c,,,,,,,,0x0000017c,,,,,0x0000017c,0x0000017c,
0x00809614,no,,,,,,0x000003ff,,,,,,,,0x000003ff,,,,,0x000003ff,0x000003ff,
0x00809620,no,,,,,,0x0008037c,,,,,,,,0x0008037c,,,,,0x0008037c,0x0008037c,
0x0080962c,no,,,,,,0x0008031c,,,,,,,,0x0008031c,,,,,0x0008031c,0x0008031c,
0x0080963c,no,,,,,,0x00000008,,,,,,,,0x00000008,,,,,0x00000008,0x00000008,
0x00809668,yes,,,,,,0x00000173,,,,,,,,0x000001ff,,,,,0x000001ff,0x000001ff,
0x0080966c,yes,0x00000110,0x00000110,0x00000110,0x00000110,0x00000110,0x00010110,0x00000110,0x00000110,0x00000110,0x00000110,0x00000110,0x00000110,0x00000110,0x00010110,0x00000110,0x00000110,0x00000110,0x00000110,0x00010110,0x00013110,0x00000110
0x00809670,no,,,,,,0x00000000,,,,,,,,0x00000000,,,,,0x00000000,0x00000000,
0x00809674,no,,,,,,0x00000000,,,,,,,,0x00000000,,,,,0x00000000,0x00000000,
0x00809678,no,,,,,,0x0000001c,,,,,,,,0x0000001c,,,,,0x0000001c,0x0000001c,
0x0080967c,no,,,,,,0x0000007c,,,,,,,,0x0000007c,,,,,0x0000007c,0x0000007c,
0x00809680,no,,,,,,0x0000007c,,,,,,,,0x0000007c,,,,,0x0000007c,0x0000007c,
0x00809684,no,,,,,,0x0000007c,,,,,,,,0x0000007c,,,,,0x0000007c,0x0000007c,
0x00809688,no,,,,,,0x00000000,,,,,,,,0x00000000,,,,,0x00000000,0x00000000,
0x0080a004,no,0x00022322,0x00022322,0x00022322,0x00022322,0x00022322,0x00022322,0x00022322,0x00022322,0x00022322,0x00022322,0x00022322,0x00022322,,,0x00022322,0x00022322,,,,,0x00022322
0x0080a05c,no,0x00000000,0x00000000,0x00000000,0x00000000,0x00000000,0x00000000,0x00000000,0x00000000,0x00000000,0x00000000,0x00000000,0x00000000,0x00000000,0x00000000,0x00000000,0x00000000,0x00000000,0x00000000,0x00000000,0x00000000,0x00000000
0x0080a200,no,,,,,,,,,,,0x00000001,,,,,,,,,,
0x0080a204,yes,,,,,,0x00022322,,,0x00022322,0x00022322,0x00022233,0x00022322,0x00022322,,,,0x00022322,,,,
0x0080a208,no,,,,,,,,,,,0x00000003,,,,,,,,,,
0x0080a20c,no,,,,,,,,,,,0x10320108,,,,,,,,,,
0x0080a214,no,,,,,,,,,,,0x00000f01,,,,,,,,,,
0x0080a218,no,,,,,,,,,,,0x01b50008,,,,,,,,,,
0x0080a21c,no,,,,,,,,,,,0x000041c3,,,,,,,,,,
0x0080a220,no,,,,,,,,,,,0x0000001a,,,,,,,,,,
0x0080a224,no,,,,,,,,,,,0x06674080,,,,,,,,,,
0x0080a22c,no,,,,,,,,,,,0x000900b0,,,,,,,,,,
0x0080a230,no,,,,,,,,,,,0x00000005,,,,,,,,,,
0x0080a234,no,,,,,,,,,,,0x00000404,,,,,,,,,,
0x0080a238,no,,,,,,,,,,,0x006400c8,,,,,,,,,,
0x0080a23c,no,,,,,,,,,,,0x00000003,,,,,,,,,,
0x0080a244,no,,,,,,,,,,,0x00000001,,,,,,,,,,
0x0080a250,no,,,,,,,,,,,0x00000064,,,,,,,,,,
0x0080a254,no,,,,,,,,,,,0x00000064,,,,,,,,,,
0x0080a258,no,,,,,,,,,,,0x00000064,,,,,,,,,,
0x0080a25c,no,0x00000000,0x00000000,0x00000000,0x00000000,0x00000000,0x00000000,0x00000000,0x00000000,0x00000000,0x00000000,0x00000000,0x00000000,0x00000000,0x00000000,0x00000000,0x00000000,0x00000000,0x00000000,0x00000000,0x00000000,0x00000000
0x0080a300,no,,,,,,,,,,,0x60015800,,,,,,,,,,
0x0080a304,no,,,,,,,,,,,0x0000a000,,,,,,,,,,
0x0080a404,no,,,,,,0x00022322,,,,,,,,,,,,0x00022322,,,
0x0080a45c,no,0x00000000,0x00000000,0x00000000,0x00000000,0x00000000,0x00000000,0x00000000,0x00000000,0x00000000,0x00000000,0x00000000,0x00000000,0x00000000,0x00000000,0x00000000,0x00000000,0x00000000,0x00000000,0x00000000,0x00000000,0x00000000
0x0080a604,no,,,,,,0x00022322,,,,,,,,0x00022322,,,,,0x00022322,0x00022322,
0x0080a65c,no,0x00000000,0x00000000,0x00000000,0x00000000,0x00000000,0x00000000,0x00000000,0x00000000,0x00000000,0x00000000,0x00000000,0x00000000,0x00000000,0x00000000,0x00000000,0x00000000,0x00000000,0x00000000,0x00000000,0x00000000,0x00000000
0x00b00000,no,0x00ffaa55,0x00ffaa55,0x00ffaa55,0x00ffaa55,0x00ffaa55,0x00ffaa55,0x00ffaa55,0x00ffaa55,0x00ffaa55,0x00ffaa55,0x00ffaa55,0x00ffaa55,0x00ffaa55,0x00ffaa55,0x00ffaa55,0x00ffaa55,0x00ffaa55,0x00ffaa55,0x00ffaa55,0x00ffaa55,0x00ffaa55
0x00c00008,no,0x00000003,0x00000003,0x00000003,0x00000003,0x00000003,0x00000003,0x00000003,0x00000003,0x00000003,0x00000003,0x00000003,0x00000003,0x00000003,0x00000003,0x00000003,0x00000003,0x00000003,0x00000003,0x00000003,0x00000003,0x00000003
